2026-03-03 04:26:28,591 - Knowledge - INFO - Created shared MongoDB connection pool
2026-03-03 04:26:28,916 - Knowledge - INFO - Starting Knowledge Graph processing with 20 threads
2026-03-03 04:26:29,105 - Knowledge - INFO - Initial configuration: chunk_size=65536, max_cache_size=500
2026-03-03 04:26:29,267 - Knowledge - INFO - Knowledge Graph concurrency configuration: workers=20, max_batch_size=10, max_concurrent_llm_calls=50
2026-03-03 04:26:29,427 - Knowledge - INFO - 📊 Performance monitoring enabled (reporting every 60s)
2026-03-03 04:26:31,633 - Knowledge - INFO - 🔍 _load_persisted_knowledge called - checking for Redis optimization
2026-03-03 04:26:31,808 - Knowledge - WARNING - ❌ load_from_redis method not found - Redis support not attached
2026-03-03 04:26:32,047 - Knowledge - INFO - load persisted knowledge: begin
2026-03-03 04:26:32,252 - Knowledge - INFO - Loaded 0 files from persisted knowledge
2026-03-03 04:26:32,446 - Knowledge - INFO - load persisted knowledge: end
2026-03-03 04:26:32,611 - Knowledge - WARNING - No persisted knowledge found. Files will be queued during start()
2026-03-03 04:26:32,819 - Knowledge - INFO - Redis support added with prefix knowledge:b8468m5:
2026-03-03 04:26:34,338 - Knowledge - INFO - Starting knowledge initialization for ID: RwM4UO-b8468m5
2026-03-03 04:26:34,506 - Knowledge - INFO - 🔍 Checking Redis for build_id: b8468m5
2026-03-03 04:26:34,660 - Knowledge - INFO - 🔍 Full session ID: RwM4UO-b8468m5
2026-03-03 04:26:34,832 - Knowledge - INFO - 🔍 Redis prefix will be: knowledge:b8468m5:
2026-03-03 04:26:35,030 - Knowledge - INFO - 🔍 Using attached load_from_redis() method
2026-03-03 04:26:35,203 - Knowledge - INFO - 🔍 Attempting to load knowledge from Redis...
2026-03-03 04:26:35,382 - Knowledge - INFO - 🔍 Using build_ids for Redis lookup: ['b8468m5']
2026-03-03 04:26:35,565 - Knowledge - WARNING - ❌ No Redis cache found
2026-03-03 04:26:35,789 - Knowledge - INFO - 📁 Loading knowledge from disk...
2026-03-03 04:26:36,048 - Knowledge - INFO - load persisted docinfo: begin
2026-03-03 04:26:36,266 - Knowledge - INFO - load persisted docinfo: end
2026-03-03 04:26:36,423 - Knowledge - INFO - 🔍 _load_persisted_knowledge called - checking for Redis optimization
2026-03-03 04:26:36,609 - Knowledge - INFO - ✅ load_from_redis method found - attempting Redis load
2026-03-03 04:26:36,809 - Knowledge - INFO - 🔍 Attempting to load knowledge from Redis...
2026-03-03 04:26:36,993 - Knowledge - INFO - 🔍 Using build_ids for Redis lookup: ['b8468m5']
2026-03-03 04:26:37,174 - Knowledge - WARNING - ❌ No Redis cache found
2026-03-03 04:26:37,401 - Knowledge - INFO - ❌ Redis load returned False - falling back to file loading
2026-03-03 04:26:37,604 - Knowledge - INFO - load persisted knowledge: begin
2026-03-03 04:26:37,804 - Knowledge - INFO - Loaded 0 files from persisted knowledge
2026-03-03 04:26:37,995 - Knowledge - INFO - load persisted knowledge: end
2026-03-03 04:26:38,219 - Knowledge - INFO - 📁 Disk load complete in 2.22s
2026-03-03 04:26:38,430 - Knowledge - INFO - Populating ingest queue with source files...
2026-03-03 04:26:38,660 - Knowledge - INFO - Scanning path: /app/data/tevdevice9937/17/b8468m5/rdk-halif-aidl-17
2026-03-03 04:26:39,235 - Knowledge - INFO - Found 139 files in /app/data/tevdevice9937/17/b8468m5/rdk-halif-aidl-17
2026-03-03 04:26:39,452 - Knowledge - INFO - Added 139 total files from 1 path(s) to ingest queue
2026-03-03 04:26:39,655 - Knowledge - INFO - [WEBSOCKET] Sent: Type=progress_update, Size: 245, Duration: 0ms
2026-03-03 04:26:39,850 - Knowledge - INFO - Worker kw1 created using shared MongoDB connection pool
2026-03-03 04:26:40,061 - Knowledge - INFO - knowledge worker kw1 start
2026-03-03 04:26:40,062 - Knowledge - INFO - Worker kw2 created using shared MongoDB connection pool
2026-03-03 04:26:40,309 - Knowledge - INFO - [kw1] Queue=139, InProgress=0, PendingWorkers=0/1, Completed=0/139 (0.0%)
2026-03-03 04:26:40,377 - Knowledge - INFO - knowledge worker kw2 start
2026-03-03 04:26:40,377 - Knowledge - INFO - Worker kw3 created using shared MongoDB connection pool
2026-03-03 04:26:40,454 - Knowledge - INFO - Batch sizing: calculated=5, max_allowed=10, queue=139, active_workers=0/2
2026-03-03 04:26:40,554 - Knowledge - INFO - [kw2] Queue=139, InProgress=0, PendingWorkers=0/2, Completed=0/139 (0.0%)
2026-03-03 04:26:40,709 - Knowledge - INFO - knowledge worker kw3 start
2026-03-03 04:26:40,709 - Knowledge - INFO - Worker kw4 created using shared MongoDB connection pool
2026-03-03 04:26:40,823 - Knowledge - INFO - ⏱️  Actual file processing started (first file processed)
2026-03-03 04:26:40,913 - Knowledge - INFO - Batch sizing: calculated=5, max_allowed=10, queue=139, active_workers=1/3
2026-03-03 04:26:41,117 - Knowledge - INFO - knowledge worker kw4 start
2026-03-03 04:26:41,117 - Knowledge - INFO - Worker kw5 created using shared MongoDB connection pool
2026-03-03 04:26:41,189 - Knowledge - INFO - [kw3] Queue=134, InProgress=0, PendingWorkers=1/4, Completed=1/139 (0.7%)
2026-03-03 04:26:41,190 - Knowledge - INFO - Processing batch of 5 files
2026-03-03 04:26:41,343 - Knowledge - INFO - Fast-tracked /app/data/tevdevice9937/17/b8468m5/rdk-halif-aidl-17/cdm/drm_widevine_hal/drm_widevine_platform.cpp (small file (2960 bytes))
2026-03-03 04:26:41,388 - Knowledge - INFO - [kw4] Queue=129, InProgress=0, PendingWorkers=2/4, Completed=5/139 (3.6%)
2026-03-03 04:26:41,464 - Knowledge - INFO - knowledge worker kw5 start
2026-03-03 04:26:41,465 - Knowledge - INFO - Worker kw6 created using shared MongoDB connection pool
2026-03-03 04:26:41,590 - Knowledge - INFO - Batch sizing: calculated=5, max_allowed=10, queue=134, active_workers=2/5
2026-03-03 04:26:41,659 - Knowledge - INFO - process ingested knowledge for /app/data/tevdevice9937/17/b8468m5/rdk-halif-aidl-17/panel/current/hfp-panel.yaml
2026-03-03 04:26:41,883 - Knowledge - INFO - Batch sizing: calculated=5, max_allowed=10, queue=129, active_workers=2/5
2026-03-03 04:26:41,994 - Knowledge - INFO - [kw5] Queue=129, InProgress=0, PendingWorkers=2/5, Completed=5/139 (3.6%)
2026-03-03 04:26:42,081 - Knowledge - INFO - knowledge worker kw6 start
2026-03-03 04:26:42,081 - Knowledge - INFO - Worker kw7 created using shared MongoDB connection pool
2026-03-03 04:26:42,291 - Knowledge - INFO - process ingested knowledge for /app/data/tevdevice9937/17/b8468m5/rdk-halif-aidl-17/panel/current/CMakeLists.txt
2026-03-03 04:26:42,426 - Knowledge - INFO - Fast-tracked /app/data/tevdevice9937/17/b8468m5/rdk-halif-aidl-17/cdm/hal_utils/hal_logger.cpp (small file (2767 bytes))
2026-03-03 04:26:42,533 - Knowledge - INFO - Batch sizing: calculated=5, max_allowed=10, queue=129, active_workers=4/6
2026-03-03 04:26:42,651 - Knowledge - INFO - [kw6] Queue=119, InProgress=0, PendingWorkers=4/6, Completed=5/139 (3.6%)
2026-03-03 04:26:42,743 - Knowledge - INFO - knowledge worker kw7 start
2026-03-03 04:26:42,743 - Knowledge - INFO - Worker kw8 created using shared MongoDB connection pool
2026-03-03 04:26:42,819 - Knowledge - INFO - process ingested knowledge for /app/data/tevdevice9937/17/b8468m5/rdk-halif-aidl-17/audiodecoder/current/hfp-audiodecoder.yaml
2026-03-03 04:26:42,943 - Knowledge - INFO - Processing batch of 5 files
2026-03-03 04:26:43,108 - Knowledge - INFO - Batch sizing: calculated=5, max_allowed=10, queue=119, active_workers=5/7
2026-03-03 04:26:43,451 - Knowledge - INFO - [kw7] Queue=114, InProgress=0, PendingWorkers=5/7, Completed=10/139 (7.2%)
2026-03-03 04:26:43,567 - Knowledge - INFO - knowledge worker kw8 start
2026-03-03 04:26:43,568 - Knowledge - INFO - Worker kw9 created using shared MongoDB connection pool
2026-03-03 04:26:43,648 - Knowledge - INFO - process ingested knowledge for /app/data/tevdevice9937/17/b8468m5/rdk-halif-aidl-17/audiodecoder/current/CMakeLists.txt
2026-03-03 04:26:43,775 - Knowledge - INFO - process ingested knowledge for /app/data/tevdevice9937/17/b8468m5/rdk-halif-aidl-17/cdm/hal_utils/hal_logger.cpp
2026-03-03 04:26:43,918 - Knowledge - INFO - Processing batch of 5 files
2026-03-03 04:26:44,008 - Knowledge - INFO - Batch sizing: calculated=5, max_allowed=10, queue=114, active_workers=6/8
2026-03-03 04:26:44,120 - Knowledge - INFO - [kw8] Queue=109, InProgress=0, PendingWorkers=6/8, Completed=15/139 (10.8%)
2026-03-03 04:26:44,208 - Knowledge - INFO - knowledge worker kw9 start
2026-03-03 04:26:44,208 - Knowledge - INFO - Worker kw10 created using shared MongoDB connection pool
2026-03-03 04:26:44,280 - Knowledge - INFO - process ingested knowledge for /app/data/tevdevice9937/17/b8468m5/rdk-halif-aidl-17/boot/current/hfp-boot.yaml
2026-03-03 04:26:44,397 - Knowledge - INFO - process ingested knowledge for /app/data/tevdevice9937/17/b8468m5/rdk-halif-aidl-17/cdm/hal_utils/hal_utils.h
2026-03-03 04:26:44,503 - Knowledge - INFO - process ingested knowledge for /app/data/tevdevice9937/17/b8468m5/rdk-halif-aidl-17/sensor/current/com/rdk/hal/sensor/motion/CMakeLists.txt
2026-03-03 04:26:44,625 - Knowledge - INFO - Fast-tracked /app/data/tevdevice9937/17/b8468m5/rdk-halif-aidl-17/avbuffer/current/avbufferhelper.h (small file (2987 bytes))
2026-03-03 04:26:44,723 - Knowledge - INFO - Batch sizing: calculated=5, max_allowed=10, queue=109, active_workers=7/9
2026-03-03 04:26:44,837 - Knowledge - INFO - [kw9] Queue=104, InProgress=0, PendingWorkers=7/9, Completed=15/139 (10.8%)
2026-03-03 04:26:44,946 - Knowledge - INFO - knowledge worker kw10 start
2026-03-03 04:26:44,947 - Knowledge - INFO - Worker kw11 created using shared MongoDB connection pool
2026-03-03 04:26:45,131 - Knowledge - INFO - process ingested knowledge for /app/data/tevdevice9937/17/b8468m5/rdk-halif-aidl-17/cdm/readme.md
2026-03-03 04:26:45,244 - Knowledge - INFO - process ingested knowledge for /app/data/tevdevice9937/17/b8468m5/rdk-halif-aidl-17/sensor/current/com/rdk/hal/sensor/motion/hfp-sensor-motion.yaml
2026-03-03 04:26:45,359 - Knowledge - INFO - Processing batch of 5 files
2026-03-03 04:26:45,484 - Knowledge - INFO - Batch sizing: calculated=5, max_allowed=10, queue=104, active_workers=7/10
2026-03-03 04:26:45,666 - Knowledge - INFO - [kw10] Queue=99, InProgress=0, PendingWorkers=8/10, Completed=20/139 (14.4%)
2026-03-03 04:26:45,676 - Knowledge - INFO - knowledge worker kw11 start
2026-03-03 04:26:45,676 - Knowledge - INFO - Worker kw12 created using shared MongoDB connection pool
2026-03-03 04:26:45,697 - Knowledge - INFO - [WEBSOCKET] Sent: Type=progress_update, Size: 162, Duration: 0ms
2026-03-03 04:26:45,770 - Knowledge - INFO - process ingested knowledge for /app/data/tevdevice9937/17/b8468m5/rdk-halif-aidl-17/videosink/current/hfp-videosink.yaml
2026-03-03 04:26:45,846 - Knowledge - INFO - process ingested knowledge for /app/data/tevdevice9937/17/b8468m5/rdk-halif-aidl-17/sensor/current/com/rdk/hal/sensor/CMakeLists.txt
2026-03-03 04:26:46,003 - Knowledge - INFO - process ingested knowledge for /app/data/tevdevice9937/17/b8468m5/rdk-halif-aidl-17/flash/current/CMakeLists.txt
2026-03-03 04:26:46,200 - Knowledge - INFO - Batch sizing: calculated=4, max_allowed=10, queue=99, active_workers=9/11
2026-03-03 04:26:46,296 - Knowledge - INFO - [kw11] Queue=94, InProgress=0, PendingWorkers=9/11, Completed=20/139 (14.4%)
2026-03-03 04:26:46,407 - Knowledge - INFO - knowledge worker kw12 start
2026-03-03 04:26:46,408 - Knowledge - INFO - Worker kw13 created using shared MongoDB connection pool
2026-03-03 04:26:46,517 - Knowledge - INFO - [LLM_CALL] Completed: CompileAidl.cmake:chunk1, Duration: 3500ms, PromptTokens: 3116, CompletionTokens: 59, Cost: $0.00034
2026-03-03 04:26:46,585 - Knowledge - INFO - process ingested knowledge for /app/data/tevdevice9937/17/b8468m5/rdk-halif-aidl-17/videosink/current/CMakeLists.txt
2026-03-03 04:26:46,726 - Knowledge - INFO - process ingested knowledge for /app/data/tevdevice9937/17/b8468m5/rdk-halif-aidl-17/sensor/current/com/rdk/hal/sensor/thermal/hfp-sensor-thermal.yaml
2026-03-03 04:26:46,817 - Knowledge - INFO - process ingested knowledge for /app/data/tevdevice9937/17/b8468m5/rdk-halif-aidl-17/CMakeLists.txt
2026-03-03 04:26:47,031 - Knowledge - INFO - Batch sizing: calculated=4, max_allowed=10, queue=94, active_workers=10/12
2026-03-03 04:26:47,132 - Knowledge - INFO - [kw12] Queue=90, InProgress=0, PendingWorkers=10/12, Completed=20/139 (14.4%)
2026-03-03 04:26:47,236 - Knowledge - INFO - knowledge worker kw13 start
2026-03-03 04:26:47,240 - Knowledge - INFO - Worker kw14 created using shared MongoDB connection pool
2026-03-03 04:26:47,367 - Knowledge - INFO - done ingest for /app/data/tevdevice9937/17/b8468m5/rdk-halif-aidl-17/CMakeModules/CompileAidl.cmake
2026-03-03 04:26:47,379 - Knowledge - INFO - [WEBSOCKET] Sent: Type=unknown, Size: ?, Duration: 1682ms
2026-03-03 04:26:47,745 - Knowledge - INFO - process ingested knowledge for /app/data/tevdevice9937/17/b8468m5/rdk-halif-aidl-17/sensor/current/com/rdk/hal/sensor/thermal/CMakeLists.txt
2026-03-03 04:26:47,745 - Knowledge - INFO - process ingested knowledge for /app/data/tevdevice9937/17/b8468m5/rdk-halif-aidl-17/avbuffer/current/CMakeLists.txt
2026-03-03 04:26:48,013 - Knowledge - INFO - Batch sizing: calculated=4, max_allowed=10, queue=90, active_workers=11/13
2026-03-03 04:26:48,294 - Knowledge - INFO - knowledge worker kw14 start
2026-03-03 04:26:48,299 - Knowledge - INFO - Worker kw15 created using shared MongoDB connection pool
2026-03-03 04:26:48,349 - Knowledge - INFO - [kw13] Queue=86, InProgress=0, PendingWorkers=11/14, Completed=20/139 (14.4%)
2026-03-03 04:26:48,538 - Knowledge - INFO - Progress: 14.4% | Files: 25/139 | Rate: 1.45 files/sec | Queue: 86
2026-03-03 04:26:48,552 - Knowledge - INFO - [LLM_CALL] Completed: drm_widevine_platform.h:chunk1, Duration: 6778ms, PromptTokens: 2376, CompletionTokens: 432, Cost: $0.00041
2026-03-03 04:26:48,757 - Knowledge - INFO - process ingested knowledge for /app/data/tevdevice9937/17/b8468m5/rdk-halif-aidl-17/avbuffer/current/hfp-avbuffer.yaml
2026-03-03 04:26:48,973 - Knowledge - INFO - [kw14] Queue=82, InProgress=0, PendingWorkers=12/14, Completed=33/139 (23.7%)
2026-03-03 04:26:49,088 - Knowledge - INFO - knowledge worker kw15 start
2026-03-03 04:26:49,089 - Knowledge - INFO - Worker kw16 created using shared MongoDB connection pool
2026-03-03 04:26:49,210 - Knowledge - INFO - Batch sizing: calculated=4, max_allowed=10, queue=86, active_workers=12/15
2026-03-03 04:26:49,397 - Knowledge - INFO - [kw1] Queue=82, InProgress=0, PendingWorkers=12/15, Completed=33/139 (23.7%)
2026-03-03 04:26:49,423 - Knowledge - INFO - done ingest for /app/data/tevdevice9937/17/b8468m5/rdk-halif-aidl-17/cdm/drm_widevine_hal/drm_widevine_platform.h
2026-03-03 04:26:49,423 - Knowledge - INFO - Processing batch of 5 files
2026-03-03 04:26:49,423 - Knowledge - INFO - Processing batch of 4 files
2026-03-03 04:26:49,424 - Knowledge - INFO - Processing batch of 4 files
2026-03-03 04:26:49,424 - Knowledge - INFO - [LLM_CALL] Completed: drm_playready_hal.c:chunk1, Duration: 7228ms, PromptTokens: 2316, CompletionTokens: 373, Cost: $0.00038
2026-03-03 04:26:49,440 - Knowledge - INFO - Fast-tracked /app/data/tevdevice9937/17/b8468m5/rdk-halif-aidl-17/docs/scripts/build_interfaces.sh (small file (2440 bytes))
2026-03-03 04:26:49,564 - Knowledge - INFO - process ingested knowledge for /app/data/tevdevice9937/17/b8468m5/rdk-halif-aidl-17/avbuffer/current/avbufferhelper.h
2026-03-03 04:26:49,649 - Knowledge - INFO - Batch sizing: calculated=4, max_allowed=10, queue=82, active_workers=12/15
2026-03-03 04:26:49,729 - Knowledge - INFO - [kw15] Queue=82, InProgress=0, PendingWorkers=12/15, Completed=37/139 (26.6%)
2026-03-03 04:26:49,860 - Knowledge - INFO - knowledge worker kw16 start
2026-03-03 04:26:49,860 - Knowledge - INFO - Worker kw17 created using shared MongoDB connection pool
2026-03-03 04:26:50,083 - Knowledge - INFO - Batch sizing: calculated=4, max_allowed=10, queue=82, active_workers=13/16
2026-03-03 04:26:50,298 - Knowledge - INFO - process ingested knowledge for /app/data/tevdevice9937/17/b8468m5/rdk-halif-aidl-17/deviceinfo/current/hfp-deviceinfo.yaml
2026-03-03 04:26:50,374 - Knowledge - INFO - process ingested knowledge for /app/data/tevdevice9937/17/b8468m5/rdk-halif-aidl-17/docs/halif/av_buffer/current/av_buffer.md
2026-03-03 04:26:50,464 - Knowledge - INFO - process ingested knowledge for /app/data/tevdevice9937/17/b8468m5/rdk-halif-aidl-17/docs/halif/cdm/current/cdm.md
2026-03-03 04:26:50,588 - Knowledge - INFO - done ingest for /app/data/tevdevice9937/17/b8468m5/rdk-halif-aidl-17/cdm/drm_playready_hal/drm_playready_hal.c
2026-03-03 04:26:50,589 - Knowledge - INFO - Processing batch of 4 files
2026-03-03 04:26:50,589 - Knowledge - INFO - [kw6] Queue=78, InProgress=0, PendingWorkers=13/16, Completed=40/139 (28.8%)
2026-03-03 04:26:50,589 - Knowledge - INFO - [WEBSOCKET] Sent: Type=progress_update, Size: 164, Duration: 0ms
2026-03-03 04:26:50,998 - Knowledge - INFO - Batch sizing: calculated=4, max_allowed=10, queue=82, active_workers=14/16
2026-03-03 04:26:51,157 - Knowledge - INFO - [kw16] Queue=74, InProgress=0, PendingWorkers=14/16, Completed=44/139 (31.7%)
2026-03-03 04:26:51,219 - Knowledge - INFO - knowledge worker kw17 start
2026-03-03 04:26:51,219 - Knowledge - INFO - Worker kw18 created using shared MongoDB connection pool
2026-03-03 04:26:51,440 - Knowledge - INFO - process ingested knowledge for /app/data/tevdevice9937/17/b8468m5/rdk-halif-aidl-17/deviceinfo/current/CMakeLists.txt
2026-03-03 04:26:51,526 - Knowledge - INFO - process ingested knowledge for /app/data/tevdevice9937/17/b8468m5/rdk-halif-aidl-17/docs/halif/plane_control/current/plane_control.md
2026-03-03 04:26:51,604 - Knowledge - INFO - process ingested knowledge for /app/data/tevdevice9937/17/b8468m5/rdk-halif-aidl-17/docs/halif/sec_api/current/sec_api.md
2026-03-03 04:26:51,880 - Knowledge - INFO - process ingested knowledge for /app/data/tevdevice9937/17/b8468m5/rdk-halif-aidl-17/docs/halif/composite_input/current/composite_input.md
2026-03-03 04:26:51,968 - Knowledge - INFO - Batch sizing: calculated=4, max_allowed=10, queue=78, active_workers=14/17
2026-03-03 04:26:52,057 - Knowledge - INFO - Processing batch of 4 files
2026-03-03 04:26:52,059 - Knowledge - INFO - Async storing batch of 5 embeddings
2026-03-03 04:26:52,059 - Knowledge - INFO - [LLM_CALL] Completed: drm_playready_platform.h:chunk1, Duration: 7957ms, PromptTokens: 3160, CompletionTokens: 402, Cost: $0.00048
2026-03-03 04:26:52,233 - Knowledge - INFO - Batch sizing: calculated=4, max_allowed=10, queue=74, active_workers=15/17
2026-03-03 04:26:52,372 - Knowledge - INFO - [kw17] Queue=66, InProgress=0, PendingWorkers=15/17, Completed=49/139 (35.3%)
2026-03-03 04:26:52,447 - Knowledge - INFO - knowledge worker kw18 start
2026-03-03 04:26:52,447 - Knowledge - INFO - Worker kw19 created using shared MongoDB connection pool
2026-03-03 04:26:52,562 - Knowledge - INFO - process ingested knowledge for /app/data/tevdevice9937/17/b8468m5/rdk-halif-aidl-17/hdmiinput/current/CMakeLists.txt
2026-03-03 04:26:52,669 - Knowledge - INFO - process ingested knowledge for /app/data/tevdevice9937/17/b8468m5/rdk-halif-aidl-17/docs/halif/panel/current/panel.md
2026-03-03 04:26:52,768 - Knowledge - INFO - process ingested knowledge for /app/data/tevdevice9937/17/b8468m5/rdk-halif-aidl-17/docs/halif/video_decoder/current/video_decoder.md
2026-03-03 04:26:52,914 - Knowledge - INFO - process ingested knowledge for /app/data/tevdevice9937/17/b8468m5/rdk-halif-aidl-17/docs/halif/hdmi_output/current/hdmi_output.md
2026-03-03 04:26:53,083 - Knowledge - INFO - process ingested knowledge for /app/data/tevdevice9937/17/b8468m5/rdk-halif-aidl-17/docs/halif/sensor/current/motion/motion_sensor.md
2026-03-03 04:26:53,177 - Knowledge - INFO - Async storage completed for 5 embeddings
2026-03-03 04:26:53,301 - Knowledge - INFO - done ingest for /app/data/tevdevice9937/17/b8468m5/rdk-halif-aidl-17/cdm/drm_playready_hal/drm_playready_platform.h
2026-03-03 04:26:53,301 - Knowledge - INFO - [WEBSOCKET] Sent: Type=unknown, Size: ?, Duration: 2713ms
2026-03-03 04:26:53,543 - Knowledge - INFO - Batch sizing: calculated=4, max_allowed=10, queue=66, active_workers=16/18
2026-03-03 04:26:53,638 - Knowledge - INFO - [kw18] Queue=58, InProgress=0, PendingWorkers=16/18, Completed=49/139 (35.3%)
2026-03-03 04:26:53,755 - Knowledge - INFO - knowledge worker kw19 start
2026-03-03 04:26:53,756 - Knowledge - INFO - Worker kw20 created using shared MongoDB connection pool
2026-03-03 04:26:53,852 - Knowledge - INFO - process ingested knowledge for /app/data/tevdevice9937/17/b8468m5/rdk-halif-aidl-17/hdmiinput/current/hfp-hdmiinput.yaml
2026-03-03 04:26:53,983 - Knowledge - INFO - process ingested knowledge for /app/data/tevdevice9937/17/b8468m5/rdk-halif-aidl-17/docs/halif/boot/current/boot.md
2026-03-03 04:26:54,093 - Knowledge - INFO - process ingested knowledge for /app/data/tevdevice9937/17/b8468m5/rdk-halif-aidl-17/docs/halif/hdmi_cec/current/hdmi_cec.md
2026-03-03 04:26:54,197 - Knowledge - INFO - process ingested knowledge for /app/data/tevdevice9937/17/b8468m5/rdk-halif-aidl-17/docs/halif/ffv/current/ffv.md
2026-03-03 04:26:54,304 - Knowledge - INFO - process ingested knowledge for /app/data/tevdevice9937/17/b8468m5/rdk-halif-aidl-17/docs/halif/sensor/current/sensor.md
2026-03-03 04:26:54,578 - Knowledge - INFO - Progress: 28.8% | Files: 54/139 | Rate: 2.45 files/sec | Queue: 58
2026-03-03 04:26:54,580 - Knowledge - INFO - Processing batch of 4 files
2026-03-03 04:26:54,580 - Knowledge - INFO - [LLM_CALL] Completed: install.sh:chunk1, Duration: 9065ms, PromptTokens: 3916, CompletionTokens: 472, Cost: $0.00058
2026-03-03 04:26:54,754 - Knowledge - INFO - Batch sizing: calculated=4, max_allowed=10, queue=58, active_workers=17/19
2026-03-03 04:26:54,869 - Knowledge - INFO - [kw19] Queue=54, InProgress=0, PendingWorkers=17/19, Completed=54/139 (38.8%)
2026-03-03 04:26:54,952 - Knowledge - INFO - knowledge worker kw20 start
2026-03-03 04:26:54,952 - Knowledge - INFO - 🚀 Started 20 worker threads for KG build
2026-03-03 04:26:55,025 - Knowledge - INFO - process ingested knowledge for /app/data/tevdevice9937/17/b8468m5/rdk-halif-aidl-17/CMakeModules/CompileAidl.cmake
2026-03-03 04:26:55,441 - Knowledge - INFO - process ingested knowledge for /app/data/tevdevice9937/17/b8468m5/rdk-halif-aidl-17/docs/halif/av_clock/current/av_clock.md
2026-03-03 04:26:55,618 - Knowledge - INFO - [kw4] Queue=54, InProgress=0, PendingWorkers=17/20, Completed=54/139 (38.8%)
2026-03-03 04:26:55,618 - Knowledge - INFO - process ingested knowledge for /app/data/tevdevice9937/17/b8468m5/rdk-halif-aidl-17/docs/halif/sensor/current/thermal/thermal_sensor.md
2026-03-03 04:26:55,629 - Knowledge - INFO - process ingested knowledge for /app/data/tevdevice9937/17/b8468m5/rdk-halif-aidl-17/docs/halif/audio_mixer/current/intro.md
2026-03-03 04:26:55,724 - Knowledge - INFO - done ingest for /app/data/tevdevice9937/17/b8468m5/rdk-halif-aidl-17/docs/scripts/install.sh
2026-03-03 04:26:55,724 - Knowledge - INFO - Async storing batch of 5 embeddings
2026-03-03 04:26:55,725 - Knowledge - INFO - [LLM_CALL] Completed: sync_src.sh:chunk1, Duration: 3667ms, PromptTokens: 3794, CompletionTokens: 59, Cost: $0.00040
2026-03-03 04:26:55,884 - Knowledge - INFO - Batch sizing: calculated=4, max_allowed=10, queue=54, active_workers=18/20
2026-03-03 04:26:55,979 - Knowledge - INFO - [kw20] Queue=50, InProgress=0, PendingWorkers=18/20, Completed=58/139 (41.7%)
2026-03-03 04:26:56,063 - Knowledge - INFO - 📈 Monitoring: Total files=139, Queue length=50
2026-03-03 04:26:56,379 - Knowledge - INFO - Batch sizing: calculated=4, max_allowed=10, queue=54, active_workers=18/20
2026-03-03 04:26:56,557 - Knowledge - INFO - process ingested knowledge for /app/data/tevdevice9937/17/b8468m5/rdk-halif-aidl-17/docs/halif/audio_mixer/current/audio_mixer.md
2026-03-03 04:26:56,622 - Knowledge - INFO - process ingested knowledge for /app/data/tevdevice9937/17/b8468m5/rdk-halif-aidl-17/docs/halif/deep_sleep/current/deep_sleep.md
2026-03-03 04:26:56,790 - Knowledge - INFO - Async storage completed for 5 embeddings
2026-03-03 04:26:56,939 - Knowledge - INFO - done ingest for /app/data/tevdevice9937/17/b8468m5/rdk-halif-aidl-17/docs/scripts/sync_src.sh
2026-03-03 04:26:56,940 - Knowledge - INFO - Processing batch of 4 files
2026-03-03 04:26:56,943 - Knowledge - INFO - [WEBSOCKET] Sent: Type=progress_update, Size: 164, Duration: 0ms
2026-03-03 04:26:57,090 - Knowledge - INFO - Batch sizing: calculated=4, max_allowed=10, queue=50, active_workers=19/20
2026-03-03 04:26:57,633 - Knowledge - INFO - process ingested knowledge for /app/data/tevdevice9937/17/b8468m5/rdk-halif-aidl-17/docs/halif/audio_sink/current/audio_sink.md
2026-03-03 04:26:57,907 - Knowledge - INFO - process ingested knowledge for /app/data/tevdevice9937/17/b8468m5/rdk-halif-aidl-17/docs/halif/hdmi_input/current/hdmi_input.md
2026-03-03 04:26:58,159 - Knowledge - INFO - Processing batch of 4 files
2026-03-03 04:26:58,173 - Knowledge - INFO - Processing batch of 5 files
2026-03-03 04:26:58,195 - Knowledge - INFO - Processing batch of 4 files
2026-03-03 04:26:58,197 - Knowledge - INFO - Processing batch of 4 files
2026-03-03 04:26:58,197 - Knowledge - INFO - [WEBSOCKET] Sent: Type=unknown, Size: ?, Duration: 3618ms
2026-03-03 04:26:58,316 - Knowledge - INFO - process ingested knowledge for /app/data/tevdevice9937/17/b8468m5/rdk-halif-aidl-17/docs/halif/flash/current/flash.md
2026-03-03 04:26:58,422 - Knowledge - INFO - process ingested knowledge for /app/data/tevdevice9937/17/b8468m5/rdk-halif-aidl-17/docs/halif/common/current/common.md
2026-03-03 04:26:58,499 - Knowledge - INFO - process ingested knowledge for /app/data/tevdevice9937/17/b8468m5/rdk-halif-aidl-17/docs/halif/audio_decoder/current/audio_decoder.md
2026-03-03 04:26:58,601 - Knowledge - INFO - process ingested knowledge for /app/data/tevdevice9937/17/b8468m5/rdk-halif-aidl-17/planecontrol/current/CMakeLists.txt
2026-03-03 04:26:58,718 - Knowledge - INFO - process ingested knowledge for /app/data/tevdevice9937/17/b8468m5/rdk-halif-aidl-17/docs/halif/video_sink/current/video_sink.md
2026-03-03 04:26:58,801 - Knowledge - INFO - process ingested knowledge for /app/data/tevdevice9937/17/b8468m5/rdk-halif-aidl-17/docs/halif/key_concepts/hal/hal_naming_conventions.md
2026-03-03 04:26:58,899 - Knowledge - INFO - Progress: 38.8% | Files: 85/139 | Rate: 3.26 files/sec | Queue: 38
2026-03-03 04:26:58,900 - Knowledge - INFO - [kw11] Queue=38, InProgress=0, PendingWorkers=20/20, Completed=85/139 (61.2%)
2026-03-03 04:26:58,903 - Knowledge - INFO - [kw5] Queue=38, InProgress=0, PendingWorkers=20/20, Completed=85/139 (61.2%)
2026-03-03 04:26:58,904 - Knowledge - INFO - [kw12] Queue=38, InProgress=0, PendingWorkers=20/20, Completed=85/139 (61.2%)
2026-03-03 04:26:58,906 - Knowledge - INFO - Processing batch of 4 files
2026-03-03 04:26:58,907 - Knowledge - INFO - [LLM_CALL] Completed: rewrite_wiki_links.py:chunk1, Duration: 10356ms, PromptTokens: 2440, CompletionTokens: 300, Cost: $0.00036
2026-03-03 04:26:59,125 - Knowledge - INFO - process ingested knowledge for /app/data/tevdevice9937/17/b8468m5/rdk-halif-aidl-17/docs/halif/indicator/current/indicator.md
2026-03-03 04:26:59,213 - Knowledge - INFO - process ingested knowledge for /app/data/tevdevice9937/17/b8468m5/rdk-halif-aidl-17/docs/version.txt
2026-03-03 04:26:59,281 - Knowledge - INFO - process ingested knowledge for /app/data/tevdevice9937/17/b8468m5/rdk-halif-aidl-17/planecontrol/current/hfp-planecontrol.yaml
2026-03-03 04:26:59,361 - Knowledge - INFO - process ingested knowledge for /app/data/tevdevice9937/17/b8468m5/rdk-halif-aidl-17/docs/halif/device_info/current/device_info.md
2026-03-03 04:26:59,492 - Knowledge - INFO - process ingested knowledge for /app/data/tevdevice9937/17/b8468m5/rdk-halif-aidl-17/docs/halif/key_concepts/hal/hal_session_state_management.md
2026-03-03 04:26:59,582 - Knowledge - INFO - [kw7] Queue=38, InProgress=0, PendingWorkers=20/20, Completed=85/139 (61.2%)
2026-03-03 04:26:59,687 - Knowledge - INFO - Batch sizing: calculated=4, max_allowed=10, queue=38, active_workers=20/20
2026-03-03 04:26:59,768 - Knowledge - INFO - Batch sizing: calculated=4, max_allowed=10, queue=38, active_workers=20/20
2026-03-03 04:26:59,858 - Knowledge - INFO - Batch sizing: calculated=4, max_allowed=10, queue=38, active_workers=20/20
2026-03-03 04:26:59,957 - Knowledge - INFO - process ingested knowledge for /app/data/tevdevice9937/17/b8468m5/rdk-halif-aidl-17/docs/standards/rdk_central_signup.md
2026-03-03 04:27:00,043 - Knowledge - INFO - done ingest for /app/data/tevdevice9937/17/b8468m5/rdk-halif-aidl-17/docs/scripts/rewrite_wiki_links.py
2026-03-03 04:27:00,043 - Knowledge - INFO - Async storing batch of 5 embeddings
2026-03-03 04:27:00,044 - Knowledge - INFO - [kw13] Queue=38, InProgress=0, PendingWorkers=20/20, Completed=85/139 (61.2%)
2026-03-03 04:27:00,044 - Knowledge - INFO - Processing batch of 4 files
2026-03-03 04:27:00,044 - Knowledge - INFO - Processing batch of 4 files
2026-03-03 04:27:00,044 - Knowledge - INFO - Processing batch of 5 files
2026-03-03 04:27:00,047 - Knowledge - INFO - [WEBSOCKET] Sent: Type=progress_update, Size: 164, Duration: 3ms
2026-03-03 04:27:00,136 - Knowledge - INFO - process ingested knowledge for /app/data/tevdevice9937/17/b8468m5/rdk-halif-aidl-17/docs/halif/broadcast/current/broadcast.md
2026-03-03 04:27:00,239 - Knowledge - INFO - process ingested knowledge for /app/data/tevdevice9937/17/b8468m5/rdk-halif-aidl-17/docs/standards/semantic_versioning.md
2026-03-03 04:27:00,385 - Knowledge - INFO - process ingested knowledge for /app/data/tevdevice9937/17/b8468m5/rdk-halif-aidl-17/mkdocs.yml
2026-03-03 04:27:00,482 - Knowledge - INFO - process ingested knowledge for /app/data/tevdevice9937/17/b8468m5/rdk-halif-aidl-17/docs/halif/key_concepts/hal/hal_properties.md
2026-03-03 04:27:00,580 - Knowledge - INFO - process ingested knowledge for /app/data/tevdevice9937/17/b8468m5/rdk-halif-aidl-17/docs/halif/key_concepts/hal/hal_interfaces.md
2026-03-03 04:27:00,650 - Knowledge - INFO - Batch sizing: calculated=4, max_allowed=10, queue=38, active_workers=20/20
2026-03-03 04:27:01,035 - Knowledge - INFO - process ingested knowledge for /app/data/tevdevice9937/17/b8468m5/rdk-halif-aidl-17/docs/standards/forked_based_branching.md
2026-03-03 04:27:01,233 - Knowledge - INFO - Async storage completed for 5 embeddings
2026-03-03 04:27:01,321 - Knowledge - INFO - Batch sizing: calculated=4, max_allowed=10, queue=38, active_workers=20/20
2026-03-03 04:27:01,429 - Knowledge - INFO - process ingested knowledge for /app/data/tevdevice9937/17/b8468m5/rdk-halif-aidl-17/docs/whitepapers/doxygen_code_documentation.md
2026-03-03 04:27:01,548 - Knowledge - INFO - process ingested knowledge for /app/data/tevdevice9937/17/b8468m5/rdk-halif-aidl-17/docs/whitepapers/branching_strategies.md
2026-03-03 04:27:01,625 - Knowledge - INFO - process ingested knowledge for /app/data/tevdevice9937/17/b8468m5/rdk-halif-aidl-17/boot/current/CMakeLists.txt
2026-03-03 04:27:01,718 - Knowledge - INFO - [kw14] Queue=26, InProgress=0, PendingWorkers=20/20, Completed=91/139 (65.5%)
2026-03-03 04:27:01,719 - Knowledge - INFO - Processing batch of 4 files
2026-03-03 04:27:01,719 - Knowledge - INFO - Async storing batch of 4 embeddings
2026-03-03 04:27:01,719 - Knowledge - INFO - Async storing batch of 5 embeddings
2026-03-03 04:27:01,720 - Knowledge - INFO - [WEBSOCKET] Sent: Type=unknown, Size: ?, Duration: 2820ms
2026-03-03 04:27:01,980 - Knowledge - INFO - process ingested knowledge for /app/data/tevdevice9937/17/b8468m5/rdk-halif-aidl-17/docs/standards/direct_branching.md
2026-03-03 04:27:01,988 - Knowledge - INFO - process ingested knowledge for /app/data/tevdevice9937/17/b8468m5/rdk-halif-aidl-17/docs/scripts/install.sh
2026-03-03 04:27:02,148 - Knowledge - INFO - process ingested knowledge for /app/data/tevdevice9937/17/b8468m5/rdk-halif-aidl-17/docs/halif/key_concepts/hal/hal_feature_profiles.md
2026-03-03 04:27:02,210 - Knowledge - INFO - process ingested knowledge for /app/data/tevdevice9937/17/b8468m5/rdk-halif-aidl-17/docs/halif/audio_decoder/v0.5/audio_decoder.md
2026-03-03 04:27:02,375 - Knowledge - INFO - process ingested knowledge for /app/data/tevdevice9937/17/b8468m5/rdk-halif-aidl-17/docs/standards/interface_template.md
2026-03-03 04:27:02,640 - Knowledge - INFO - process ingested knowledge for /app/data/tevdevice9937/17/b8468m5/rdk-halif-aidl-17/docs/whitepapers/right_format_right_job.md
2026-03-03 04:27:02,746 - Knowledge - INFO - process ingested knowledge for /app/data/tevdevice9937/17/b8468m5/rdk-halif-aidl-17/docs/whitepapers/standardizing_git_commit_messages.md
2026-03-03 04:27:02,844 - Knowledge - INFO - process ingested knowledge for /app/data/tevdevice9937/17/b8468m5/rdk-halif-aidl-17/cdm/hfp-cdm.yaml
2026-03-03 04:27:02,954 - Knowledge - INFO - Batch sizing: calculated=4, max_allowed=10, queue=26, active_workers=20/20
2026-03-03 04:27:03,033 - Knowledge - INFO - process ingested knowledge for /app/data/tevdevice9937/17/b8468m5/rdk-halif-aidl-17/docs/introduction/the_software_stack.md
2026-03-03 04:27:03,115 - Knowledge - INFO - Async storage completed for 4 embeddings
2026-03-03 04:27:03,218 - Knowledge - INFO - Async storage completed for 5 embeddings
2026-03-03 04:27:03,290 - Knowledge - INFO - Progress: 61.2% | Files: 96/139 | Rate: 3.16 files/sec | Queue: 18
2026-03-03 04:27:03,292 - Knowledge - INFO - Async storing batch of 4 embeddings
2026-03-03 04:27:03,294 - Knowledge - INFO - Async storing batch of 5 embeddings
2026-03-03 04:27:03,294 - Knowledge - INFO - Processing batch of 4 files
2026-03-03 04:27:03,295 - Knowledge - INFO - Async storing batch of 4 embeddings
2026-03-03 04:27:03,295 - Knowledge - INFO - Processing batch of 5 files
2026-03-03 04:27:03,295 - Knowledge - INFO - [WEBSOCKET] Sent: Type=progress_update, Size: 165, Duration: 0ms
2026-03-03 04:27:03,527 - Knowledge - INFO - process ingested knowledge for /app/data/tevdevice9937/17/b8468m5/rdk-halif-aidl-17/docs/scripts/activate_venv.sh
2026-03-03 04:27:03,876 - Knowledge - INFO - process ingested knowledge for /app/data/tevdevice9937/17/b8468m5/rdk-halif-aidl-17/docs/standards/git_flow_branching_strategy.md
2026-03-03 04:27:03,931 - Knowledge - INFO - process ingested knowledge for /app/data/tevdevice9937/17/b8468m5/rdk-halif-aidl-17/docs/whitepapers/documentation_in_git.md
2026-03-03 04:27:04,057 - Knowledge - INFO - process ingested knowledge for /app/data/tevdevice9937/17/b8468m5/rdk-halif-aidl-17/docs/whitepapers/interface_version_alignment.md
2026-03-03 04:27:04,140 - Knowledge - INFO - process ingested knowledge for /app/data/tevdevice9937/17/b8468m5/rdk-halif-aidl-17/cdm/drm_widevine_hal/drm_widevine_platform.cpp
2026-03-03 04:27:04,332 - Knowledge - INFO - process ingested knowledge for /app/data/tevdevice9937/17/b8468m5/rdk-halif-aidl-17/docs/vsi/bluetooth/current/bluetooth.md
2026-03-03 04:27:04,659 - Knowledge - INFO - [kw10] Queue=14, InProgress=0, PendingWorkers=20/20, Completed=109/139 (78.4%)
2026-03-03 04:27:04,753 - Knowledge - INFO - Async storage completed for 4 embeddings
2026-03-03 04:27:04,829 - Knowledge - INFO - Async storage completed for 5 embeddings
2026-03-03 04:27:04,945 - Knowledge - INFO - process ingested knowledge for /app/data/tevdevice9937/17/b8468m5/rdk-halif-aidl-17/docs/introduction/documentation_getting_started.md
2026-03-03 04:27:05,060 - Knowledge - INFO - Async storage completed for 4 embeddings
2026-03-03 04:27:05,138 - Knowledge - INFO - process ingested knowledge for /app/data/tevdevice9937/17/b8468m5/rdk-halif-aidl-17/docs/scripts/rewrite_wiki_links.py
2026-03-03 04:27:05,209 - Knowledge - INFO - Processing batch of 5 files
2026-03-03 04:27:05,209 - Knowledge - INFO - [kw6] Queue=14, InProgress=0, PendingWorkers=20/20, Completed=109/139 (78.4%)
2026-03-03 04:27:05,210 - Knowledge - INFO - Async storing batch of 4 embeddings
2026-03-03 04:27:05,210 - Knowledge - INFO - Processing batch of 4 files
2026-03-03 04:27:05,210 - Knowledge - INFO - [kw16] Queue=14, InProgress=0, PendingWorkers=20/20, Completed=109/139 (78.4%)
2026-03-03 04:27:05,210 - Knowledge - INFO - [WEBSOCKET] Sent: Type=unknown, Size: ?, Duration: 1915ms
2026-03-03 04:27:05,569 - Knowledge - INFO - process ingested knowledge for /app/data/tevdevice9937/17/b8468m5/rdk-halif-aidl-17/docs/whitepapers/client_usage_of_stable_aidl.md
2026-03-03 04:27:05,617 - Knowledge - INFO - process ingested knowledge for /app/data/tevdevice9937/17/b8468m5/rdk-halif-aidl-17/docs/whitepapers/engineering_goals.md
2026-03-03 04:27:05,773 - Knowledge - INFO - process ingested knowledge for /app/data/tevdevice9937/17/b8468m5/rdk-halif-aidl-17/cdm/drm_widevine_hal/module.cpp
2026-03-03 04:27:05,843 - Knowledge - INFO - process ingested knowledge for /app/data/tevdevice9937/17/b8468m5/rdk-halif-aidl-17/docs/vsi/graphics/current/graphics.md
2026-03-03 04:27:05,892 - Knowledge - INFO - Batch sizing: calculated=4, max_allowed=10, queue=14, active_workers=20/20
2026-03-03 04:27:06,229 - Knowledge - INFO - process ingested knowledge for /app/data/tevdevice9937/17/b8468m5/rdk-halif-aidl-17/docs/introduction/build_binder_tools.md
2026-03-03 04:27:06,444 - Knowledge - INFO - process ingested knowledge for /app/data/tevdevice9937/17/b8468m5/rdk-halif-aidl-17/docs/scripts/build_interfaces.sh
2026-03-03 04:27:06,541 - Knowledge - INFO - process ingested knowledge for /app/data/tevdevice9937/17/b8468m5/rdk-halif-aidl-17/cdm/drm_playready_hal/drm_playready_hal.c
2026-03-03 04:27:06,660 - Knowledge - INFO - Batch sizing: calculated=4, max_allowed=10, queue=14, active_workers=20/20
2026-03-03 04:27:06,764 - Knowledge - INFO - Async storage completed for 4 embeddings
2026-03-03 04:27:06,837 - Knowledge - INFO - process ingested knowledge for /app/data/tevdevice9937/17/b8468m5/rdk-halif-aidl-17/docs/vsi/filesystem/current/directory_and_dynamic_linking_specification.md
2026-03-03 04:27:06,908 - Knowledge - INFO - Batch sizing: calculated=4, max_allowed=10, queue=14, active_workers=20/20
2026-03-03 04:27:07,002 - Knowledge - INFO - Progress: 72.7% | Files: 114/139 | Rate: 3.28 files/sec | Queue: 14
2026-03-03 04:27:07,002 - Knowledge - INFO - Processing batch of 4 files
2026-03-03 04:27:07,003 - Knowledge - INFO - [kw8] Queue=14, InProgress=0, PendingWorkers=20/20, Completed=114/139 (82.0%)
2026-03-03 04:27:07,003 - Knowledge - INFO - [kw17] Queue=14, InProgress=0, PendingWorkers=20/20, Completed=114/139 (82.0%)
2026-03-03 04:27:07,004 - Knowledge - INFO - Processing batch of 4 files
2026-03-03 04:27:07,004 - Knowledge - INFO - [WEBSOCKET] Sent: Type=progress_update, Size: 165, Duration: 0ms
2026-03-03 04:27:07,380 - Knowledge - INFO - process ingested knowledge for /app/data/tevdevice9937/17/b8468m5/rdk-halif-aidl-17/cdm/drm_widevine_hal/drm_widevine_platform.h
2026-03-03 04:27:07,492 - Knowledge - INFO - process ingested knowledge for /app/data/tevdevice9937/17/b8468m5/rdk-halif-aidl-17/docs/vsi/kernel/current/kernel.md
2026-03-03 04:27:07,580 - Knowledge - INFO - process ingested knowledge for /app/data/tevdevice9937/17/b8468m5/rdk-halif-aidl-17/docs/introduction/aidl_and_binder.md
2026-03-03 04:27:07,696 - Knowledge - INFO - process ingested knowledge for /app/data/tevdevice9937/17/b8468m5/rdk-halif-aidl-17/docs/scripts/sync_src.sh
2026-03-03 04:27:07,811 - Knowledge - INFO - process ingested knowledge for /app/data/tevdevice9937/17/b8468m5/rdk-halif-aidl-17/cdm/drm_playready_hal/module.cpp
2026-03-03 04:27:08,033 - Knowledge - INFO - Fast-tracked /app/data/tevdevice9937/17/b8468m5/rdk-halif-aidl-17/install_binder.sh (small file (2729 bytes))
2026-03-03 04:27:08,110 - Knowledge - INFO - process ingested knowledge for /app/data/tevdevice9937/17/b8468m5/rdk-halif-aidl-17/docs/vsi/service_manager/current/service_manager.md
2026-03-03 04:27:08,322 - Knowledge - INFO - [kw1] Queue=2, InProgress=0, PendingWorkers=20/20, Completed=114/139 (82.0%)
2026-03-03 04:27:08,409 - Knowledge - INFO - process ingested knowledge for /app/data/tevdevice9937/17/b8468m5/rdk-halif-aidl-17/docs/vsi/systemd/current/systemd.md
2026-03-03 04:27:08,515 - Knowledge - INFO - Batch sizing: calculated=4, max_allowed=10, queue=14, active_workers=20/20
2026-03-03 04:27:08,613 - Knowledge - INFO - Batch sizing: calculated=4, max_allowed=10, queue=14, active_workers=20/20
2026-03-03 04:27:08,721 - Knowledge - INFO - process ingested knowledge for /app/data/tevdevice9937/17/b8468m5/rdk-halif-aidl-17/indicator/current/hfp-indicator.yaml
2026-03-03 04:27:08,821 - Knowledge - INFO - Processing batch of 4 files
2026-03-03 04:27:08,821 - Knowledge - INFO - Async storing batch of 4 embeddings
2026-03-03 04:27:08,821 - Knowledge - INFO - Async storing batch of 4 embeddings
2026-03-03 04:27:08,821 - Knowledge - INFO - Async storing batch of 4 embeddings
2026-03-03 04:27:08,821 - Knowledge - INFO - [WEBSOCKET] Sent: Type=unknown, Size: ?, Duration: 1817ms
2026-03-03 04:27:09,281 - Knowledge - INFO - process ingested knowledge for /app/data/tevdevice9937/17/b8468m5/rdk-halif-aidl-17/docs/introduction/interface_generation.md
2026-03-03 04:27:09,355 - Knowledge - INFO - process ingested knowledge for /app/data/tevdevice9937/17/b8468m5/rdk-halif-aidl-17/docs/governance/rdk-engineering-validation-framework.md
2026-03-03 04:27:09,421 - Knowledge - INFO - process ingested knowledge for /app/data/tevdevice9937/17/b8468m5/rdk-halif-aidl-17/cdm/drm_playready_hal/drm_playready_platform.h
2026-03-03 04:27:09,571 - Knowledge - INFO - process ingested knowledge for /app/data/tevdevice9937/17/b8468m5/rdk-halif-aidl-17/docs/vsi/linux_input/current/linux_input.md
2026-03-03 04:27:09,658 - Knowledge - INFO - Batch sizing: calculated=2, max_allowed=10, queue=2, active_workers=20/20
2026-03-03 04:27:09,752 - Knowledge - INFO - process ingested knowledge for /app/data/tevdevice9937/17/b8468m5/rdk-halif-aidl-17/docs/vsi/filesystem/current/logging_system.md
2026-03-03 04:27:10,040 - Knowledge - INFO - process ingested knowledge for /app/data/tevdevice9937/17/b8468m5/rdk-halif-aidl-17/hdmicec/current/CMakeLists.txt
2026-03-03 04:27:10,202 - Knowledge - INFO - process ingested knowledge for /app/data/tevdevice9937/17/b8468m5/rdk-halif-aidl-17/docs/javascript/mermaid-init.js
2026-03-03 04:27:10,401 - Knowledge - INFO - Async storage completed for 4 embeddings
2026-03-03 04:27:10,546 - Knowledge - INFO - Async storage completed for 4 embeddings
2026-03-03 04:27:10,702 - Knowledge - INFO - Async storage completed for 4 embeddings
2026-03-03 04:27:10,771 - Knowledge - INFO - Progress: 82.0% | Files: 121/139 | Rate: 3.14 files/sec | Queue: 0
2026-03-03 04:27:10,773 - Knowledge - INFO - Processing batch of 4 files
2026-03-03 04:27:10,778 - Knowledge - INFO - Async storing batch of 5 embeddings
2026-03-03 04:27:10,779 - Knowledge - INFO - [WEBSOCKET] Sent: Type=progress_update, Size: 165, Duration: 0ms
2026-03-03 04:27:10,964 - Knowledge - INFO - process ingested knowledge for /app/data/tevdevice9937/17/b8468m5/rdk-halif-aidl-17/docs/governance/rdk-release-documenation-structure.md
2026-03-03 04:27:11,040 - Knowledge - INFO - process ingested knowledge for /app/data/tevdevice9937/17/b8468m5/rdk-halif-aidl-17/cdm/hal_utils/hal_logger.h
2026-03-03 04:27:11,137 - Knowledge - INFO - process ingested knowledge for /app/data/tevdevice9937/17/b8468m5/rdk-halif-aidl-17/docs/vsi/wifi/current/wifi.md
2026-03-03 04:27:11,346 - Knowledge - INFO - process ingested knowledge for /app/data/tevdevice9937/17/b8468m5/rdk-halif-aidl-17/docs/vsi/filesystem/current/halif_logging_system_design.md
2026-03-03 04:27:11,439 - Knowledge - INFO - process ingested knowledge for /app/data/tevdevice9937/17/b8468m5/rdk-halif-aidl-17/hdmicec/current/hfp-hdmicec.yaml
2026-03-03 04:27:11,522 - Knowledge - INFO - process ingested knowledge for /app/data/tevdevice9937/17/b8468m5/rdk-halif-aidl-17/docs/index.md
2026-03-03 04:27:12,061 - Knowledge - INFO - process ingested knowledge for /app/data/tevdevice9937/17/b8468m5/rdk-halif-aidl-17/videodecoder/current/hfp-videodecoder.yaml
2026-03-03 04:27:12,151 - Knowledge - INFO - Async storage completed for 5 embeddings
2026-03-03 04:27:12,238 - Knowledge - INFO - Processing batch of 4 files
2026-03-03 04:27:12,238 - Knowledge - INFO - Processing batch of 4 files
2026-03-03 04:27:12,238 - Knowledge - INFO - Processing batch of 4 files
2026-03-03 04:27:12,239 - Knowledge - INFO - [WEBSOCKET] Sent: Type=unknown, Size: ?, Duration: 1461ms
2026-03-03 04:27:12,436 - Knowledge - INFO - process ingested knowledge for /app/data/tevdevice9937/17/b8468m5/rdk-halif-aidl-17/cdm/hal_utils/hal_utils.cpp
2026-03-03 04:27:12,688 - Knowledge - INFO - process ingested knowledge for /app/data/tevdevice9937/17/b8468m5/rdk-halif-aidl-17/docs/vsi/filesystem/current/file_system_architecture.md
2026-03-03 04:27:12,742 - Knowledge - INFO - process ingested knowledge for /app/data/tevdevice9937/17/b8468m5/rdk-halif-aidl-17/videodecoder/current/CMakeLists.txt
2026-03-03 04:27:12,913 - Knowledge - INFO - process ingested knowledge for /app/data/tevdevice9937/17/b8468m5/rdk-halif-aidl-17/docs/CHANGELOG.md
2026-03-03 04:27:12,956 - Knowledge - INFO - process ingested knowledge for /app/data/tevdevice9937/17/b8468m5/rdk-halif-aidl-17/README.md
2026-03-03 04:27:13,150 - Knowledge - INFO - process ingested knowledge for /app/data/tevdevice9937/17/b8468m5/rdk-halif-aidl-17/hdmioutput/current/hfp-hdmioutput.yaml
2026-03-03 04:27:13,227 - Knowledge - INFO - process ingested knowledge for /app/data/tevdevice9937/17/b8468m5/rdk-halif-aidl-17/audiosink/current/CMakeLists.txt
2026-03-03 04:27:13,317 - Knowledge - INFO - process ingested knowledge for /app/data/tevdevice9937/17/b8468m5/rdk-halif-aidl-17/compositeinput/current/hfp-compositeinput.yaml
2026-03-03 04:27:13,416 - Knowledge - INFO - Progress: 87.1% | Files: 135/139 | Rate: 3.19 files/sec | Queue: 0
2026-03-03 04:27:13,423 - Knowledge - INFO - Processing batch of 2 files
2026-03-03 04:27:13,713 - Knowledge - INFO - [LLM_CALL] Completed: build_docs.sh:chunk1, Duration: 6710ms, PromptTokens: 3786, CompletionTokens: 417, Cost: $0.00055
2026-03-03 04:27:13,970 - Knowledge - INFO - process ingested knowledge for /app/data/tevdevice9937/17/b8468m5/rdk-halif-aidl-17/indicator/current/CMakeLists.txt
2026-03-03 04:27:13,970 - Knowledge - INFO - process ingested knowledge for /app/data/tevdevice9937/17/b8468m5/rdk-halif-aidl-17/install_binder.sh
2026-03-03 04:27:14,189 - Knowledge - INFO - process ingested knowledge for /app/data/tevdevice9937/17/b8468m5/rdk-halif-aidl-17/audiosink/current/hfp-audiosink.yaml
2026-03-03 04:27:14,189 - Knowledge - INFO - process ingested knowledge for /app/data/tevdevice9937/17/b8468m5/rdk-halif-aidl-17/avclock/current/CMakeLists.txt
2026-03-03 04:27:14,190 - Knowledge - INFO - process ingested knowledge for /app/data/tevdevice9937/17/b8468m5/rdk-halif-aidl-17/broadcast/current/CMakeLists.txt
2026-03-03 04:27:14,410 - Knowledge - INFO - process ingested knowledge for /app/data/tevdevice9937/17/b8468m5/rdk-halif-aidl-17/deepsleep/current/hfp-deepsleep.yaml
2026-03-03 04:27:14,538 - Knowledge - INFO - done ingest for /app/data/tevdevice9937/17/b8468m5/rdk-halif-aidl-17/docs/build_docs.sh
2026-03-03 04:27:14,539 - Knowledge - INFO - [WEBSOCKET] Sent: Type=progress_update, Size: 166, Duration: 0ms
2026-03-03 04:27:14,758 - Knowledge - INFO - process ingested knowledge for /app/data/tevdevice9937/17/b8468m5/rdk-halif-aidl-17/compositeinput/current/CMakeLists.txt
2026-03-03 04:27:14,895 - Knowledge - INFO - process ingested knowledge for /app/data/tevdevice9937/17/b8468m5/rdk-halif-aidl-17/CONTRIBUTING.md
2026-03-03 04:27:14,978 - Knowledge - INFO - process ingested knowledge for /app/data/tevdevice9937/17/b8468m5/rdk-halif-aidl-17/avclock/current/hfp-avclock.yaml
2026-03-03 04:27:15,019 - Knowledge - INFO - process ingested knowledge for /app/data/tevdevice9937/17/b8468m5/rdk-halif-aidl-17/broadcast/current/hfp-broadcast.yaml
2026-03-03 04:27:15,133 - Knowledge - INFO - process ingested knowledge for /app/data/tevdevice9937/17/b8468m5/rdk-halif-aidl-17/CHANGELOG.md
2026-03-03 04:27:15,350 - Knowledge - INFO - [WEBSOCKET] Sent: Type=unknown, Size: ?, Duration: 811ms
2026-03-03 04:27:15,619 - Knowledge - INFO - process ingested knowledge for /app/data/tevdevice9937/17/b8468m5/rdk-halif-aidl-17/deepsleep/current/CMakeLists.txt
2026-03-03 04:27:15,712 - Knowledge - INFO - process ingested knowledge for /app/data/tevdevice9937/17/b8468m5/rdk-halif-aidl-17/copilot-instructions.md
2026-03-03 04:27:15,799 - Knowledge - INFO - process ingested knowledge for /app/data/tevdevice9937/17/b8468m5/rdk-halif-aidl-17/hdmioutput/current/CMakeLists.txt
2026-03-03 04:27:15,947 - Knowledge - INFO - Progress: 97.1% | Files: 139/139 | Rate: 3.02 files/sec | Queue: 0
2026-03-03 04:27:15,947 - Knowledge - INFO - Processing batch of 4 files
2026-03-03 04:27:16,458 - Knowledge - INFO - process ingested knowledge for /app/data/tevdevice9937/17/b8468m5/rdk-halif-aidl-17/docs/requirements.txt
2026-03-03 04:27:16,677 - Knowledge - INFO - process ingested knowledge for /app/data/tevdevice9937/17/b8468m5/rdk-halif-aidl-17/docs/references/references.md
2026-03-03 04:27:16,864 - Knowledge - INFO - process ingested knowledge for /app/data/tevdevice9937/17/b8468m5/rdk-halif-aidl-17/docs/build_docs.sh
2026-03-03 04:27:17,061 - Knowledge - INFO - process ingested knowledge for /app/data/tevdevice9937/17/b8468m5/rdk-halif-aidl-17/docs/stylesheets/extra.css
2026-03-03 04:27:17,572 - Knowledge - INFO - [WEBSOCKET] Sent: Type=progress_update, Size: 166, Duration: 0ms
2026-03-03 04:27:17,764 - Knowledge - INFO - [WEBSOCKET] Sent: Type=unknown, Size: ?, Duration: 192ms
2026-03-03 04:27:17,992 - Knowledge - INFO - Progress: 100.0% | Files: 139/139 | Rate: 2.83 files/sec | Queue: 0
2026-03-03 04:27:18,194 - Knowledge - INFO - Knowledge creation complete
2026-03-03 04:27:18,358 - Knowledge - INFO - ==================================================
2026-03-03 04:27:18,511 - Knowledge - INFO - KNOWLEDGE GRAPH GENERATION PERFORMANCE SUMMARY
2026-03-03 04:27:18,674 - Knowledge - INFO - ==================================================
2026-03-03 04:27:18,906 - Knowledge - INFO - Total processing time: 49.77 seconds (0.83 minutes)
2026-03-03 04:27:19,061 - Knowledge - INFO - Files processed: 0
2026-03-03 04:27:19,266 - Knowledge - INFO - Processing rate: 0.00 files/second
2026-03-03 04:27:19,422 - Knowledge - INFO - 
[TIME_BREAKDOWN]
2026-03-03 04:27:19,623 - Knowledge - INFO - File Reading: 0.00s (0.0%)
2026-03-03 04:27:19,819 - Knowledge - INFO - LLM Processing: 55.26s (111.0%)
2026-03-03 04:27:19,994 - Knowledge - INFO - MongoDB Operations: 0.00s (0.0%)
2026-03-03 04:27:20,186 - Knowledge - INFO - Redis Operations: 0.00s (0.0%)
2026-03-03 04:27:20,375 - Knowledge - INFO - WebSocket Communication: 17.03s (34.2%)
2026-03-03 04:27:20,576 - Knowledge - INFO - 
[LLM_STATS]
2026-03-03 04:27:20,771 - Knowledge - INFO - Total LLM calls: 8
2026-03-03 04:27:20,972 - Knowledge - INFO - Average LLM response time: 6908ms
2026-03-03 04:27:21,168 - Knowledge - INFO - Average prompt tokens: 3113.0
2026-03-03 04:27:21,387 - Knowledge - INFO - Average completion tokens: 314.2
2026-03-03 04:27:21,600 - Knowledge - INFO - Total prompt tokens: 24904
2026-03-03 04:27:21,768 - Knowledge - INFO - Total completion tokens: 2514
2026-03-03 04:27:21,987 - Knowledge - INFO - Total LLM cost: $0.0035
2026-03-03 04:27:22,188 - Knowledge - INFO - 
[DATABASE_STATS]
2026-03-03 04:27:22,380 - Knowledge - INFO - MongoDB operations: 0
2026-03-03 04:27:22,591 - Knowledge - INFO - Redis operations: 0
2026-03-03 04:27:22,758 - Knowledge - INFO - 
[COMMUNICATION_STATS]
2026-03-03 04:27:22,962 - Knowledge - INFO - WebSocket messages sent: 19
2026-03-03 04:27:23,171 - Knowledge - INFO - Average message size: 90.8 bytes
2026-03-03 04:27:23,372 - Knowledge - INFO - 
[WORKER_STATS]
2026-03-03 04:27:23,582 - Knowledge - INFO - 
[FILE_TYPE_STATS]
2026-03-03 04:27:23,816 - Knowledge - INFO - 
[SLOWEST_FILES]
2026-03-03 04:27:24,017 - Knowledge - INFO - ==================================================
2026-03-03 04:27:24,209 - Knowledge - INFO - ================================================================================
2026-03-03 04:27:24,384 - Knowledge - INFO - 📊 PERFORMANCE METRICS (Periodic Report)
2026-03-03 04:27:24,579 - Knowledge - INFO - ================================================================================
2026-03-03 04:27:24,771 - Knowledge - INFO - ⏱️  Elapsed Time: 54.9s (0.9 min)
2026-03-03 04:27:24,947 - Knowledge - INFO - 📁 Files: 139 processed, 126 skipped LLM, 13 LLM processed
2026-03-03 04:27:25,127 - Knowledge - INFO - ⚡ Throughput: 2.53 files/sec
2026-03-03 04:27:25,339 - Knowledge - INFO - 📋 Queue: 0 queued, 0 in progress
2026-03-03 04:27:25,521 - Knowledge - INFO - 
2026-03-03 04:27:25,694 - Knowledge - INFO - 🤖 LLM Metrics:
2026-03-03 04:27:25,860 - Knowledge - INFO -    Call time: avg=7.379s, max=13.757s, total=95.9s
2026-03-03 04:27:26,018 - Knowledge - INFO - 
2026-03-03 04:27:26,177 - Knowledge - INFO - 💾 I/O Metrics:
2026-03-03 04:27:26,381 - Knowledge - INFO -    File I/O: avg=0.005s, total=0.7s
2026-03-03 04:27:26,605 - Knowledge - INFO - 
2026-03-03 04:27:26,811 - Knowledge - INFO - 🔄 Batch Processing:
2026-03-03 04:27:27,029 - Knowledge - INFO -    Batches: 33, avg_time=2.98s, avg_throughput=133.45 files/sec
2026-03-03 04:27:27,225 - Knowledge - INFO - 
2026-03-03 04:27:27,397 - Knowledge - INFO - 👷 Worker Utilization:
2026-03-03 04:27:27,626 - Knowledge - INFO -    kw1: 93.1% active (active=35.2s, idle=2.6s)
2026-03-03 04:27:27,808 - Knowledge - INFO -    kw6: 98.7% active (active=35.1s, idle=0.5s)
2026-03-03 04:27:28,051 - Knowledge - INFO -    kw4: 93.0% active (active=34.2s, idle=2.6s)
2026-03-03 04:27:28,240 - Knowledge - INFO -    kw11: 96.4% active (active=30.8s, idle=1.1s)
2026-03-03 04:27:28,448 - Knowledge - INFO -    kw5: 95.8% active (active=34.7s, idle=1.5s)
2026-03-03 04:27:28,611 - Knowledge - INFO - 
2026-03-03 04:27:28,774 - Knowledge - INFO - 🔍 Bottleneck Analysis:
2026-03-03 04:27:28,959 - Knowledge - WARNING - ⚠️  Slow LLM calls (avg: 7.38s) - may indicate API rate limiting
2026-03-03 04:27:29,171 - Knowledge - WARNING - 🚨 Very slow LLM calls detected (max: 13.76s)
2026-03-03 04:27:29,364 - Knowledge - INFO - ================================================================================
2026-03-03 04:27:29,570 - Knowledge - INFO - ==================================================
2026-03-03 04:27:29,740 - Knowledge - INFO - KNOWLEDGE GRAPH GENERATION PERFORMANCE SUMMARY
2026-03-03 04:27:29,937 - Knowledge - INFO - ==================================================
2026-03-03 04:27:30,110 - Knowledge - INFO - Total processing time: 61.07 seconds (1.02 minutes)
2026-03-03 04:27:30,308 - Knowledge - INFO - Files processed: 139 of 139
2026-03-03 04:27:30,471 - Knowledge - INFO - Processing rate: 2.28 files/second
2026-03-03 04:27:30,642 - Knowledge - INFO - WebSocket messages sent: 9
2026-03-03 04:27:30,866 - Knowledge - INFO - MongoDB operations: 139
2026-03-03 04:27:31,089 - Knowledge - INFO - Average MongoDB ops per file: 1.00
2026-03-03 04:27:31,237 - Knowledge - INFO - LLM costs: $0.0035
2026-03-03 04:27:31,441 - Knowledge - INFO - Prompt tokens: 24904
2026-03-03 04:27:31,624 - Knowledge - INFO - Completion tokens: 2514
2026-03-03 04:27:31,790 - Knowledge - INFO - Updating org costs, total cost: 0.003496
2026-03-03 04:27:31,999 - Knowledge - INFO - [WEBSOCKET] Sent: Type=progress_update, Size: 162, Duration: 0ms
2026-03-03 04:27:32,202 - Knowledge - INFO - ================================================================================
2026-03-03 04:27:32,203 - Knowledge - INFO - ================================================================================
2026-03-03 04:27:32,203 - Knowledge - INFO - ================================================================================
2026-03-03 04:27:32,203 - Knowledge - INFO - ================================================================================
2026-03-03 04:27:32,204 - Knowledge - INFO - ================================================================================
2026-03-03 04:27:32,204 - Knowledge - INFO - ================================================================================
2026-03-03 04:27:32,204 - Knowledge - INFO - ================================================================================
2026-03-03 04:27:32,204 - Knowledge - INFO - ================================================================================
2026-03-03 04:27:32,204 - Knowledge - INFO - ================================================================================
2026-03-03 04:27:32,205 - Knowledge - INFO - ================================================================================
2026-03-03 04:27:32,205 - Knowledge - INFO - Saving knowledge to Redis...
2026-03-03 04:27:32,302 - Knowledge - INFO - ================================================================================
2026-03-03 04:27:32,302 - Knowledge - INFO - ================================================================================
2026-03-03 04:27:32,304 - Knowledge - INFO - ================================================================================
2026-03-03 04:27:32,304 - Knowledge - INFO - ================================================================================
2026-03-03 04:27:32,304 - Knowledge - INFO - ================================================================================
2026-03-03 04:27:32,304 - Knowledge - INFO - ================================================================================
2026-03-03 04:27:32,305 - Knowledge - INFO - ================================================================================
2026-03-03 04:27:32,371 - Knowledge - INFO - 📊 PERFORMANCE METRICS (Periodic Report)
2026-03-03 04:27:32,507 - Knowledge - INFO - 📊 PERFORMANCE METRICS (Periodic Report)
2026-03-03 04:27:32,595 - Knowledge - INFO - 📊 PERFORMANCE METRICS (Periodic Report)
2026-03-03 04:27:32,676 - Knowledge - INFO - 📊 PERFORMANCE METRICS (Periodic Report)
2026-03-03 04:27:32,765 - Knowledge - INFO - 📊 PERFORMANCE METRICS (Periodic Report)
2026-03-03 04:27:32,892 - Knowledge - INFO - 📊 PERFORMANCE METRICS (Periodic Report)
2026-03-03 04:27:33,024 - Knowledge - INFO - 📊 PERFORMANCE METRICS (Periodic Report)
2026-03-03 04:27:33,129 - Knowledge - INFO - 📊 PERFORMANCE METRICS (Periodic Report)
2026-03-03 04:27:33,206 - Knowledge - INFO - 📊 PERFORMANCE METRICS (Periodic Report)
2026-03-03 04:27:33,348 - Knowledge - INFO - 📊 PERFORMANCE METRICS (Periodic Report)
2026-03-03 04:27:33,540 - Knowledge - INFO - Knowledge saved to Redis successfully
2026-03-03 04:27:33,591 - Knowledge - INFO - 📊 PERFORMANCE METRICS (Periodic Report)
2026-03-03 04:27:33,709 - Knowledge - INFO - 📊 PERFORMANCE METRICS (Periodic Report)
2026-03-03 04:27:33,808 - Knowledge - INFO - 📊 PERFORMANCE METRICS (Periodic Report)
2026-03-03 04:27:33,924 - Knowledge - INFO - 📊 PERFORMANCE METRICS (Periodic Report)
2026-03-03 04:27:34,007 - Knowledge - INFO - 📊 PERFORMANCE METRICS (Periodic Report)
2026-03-03 04:27:34,108 - Knowledge - INFO - 📊 PERFORMANCE METRICS (Periodic Report)
2026-03-03 04:27:34,185 - Knowledge - INFO - 📊 PERFORMANCE METRICS (Periodic Report)
2026-03-03 04:27:34,282 - Knowledge - INFO - ================================================================================
2026-03-03 04:27:34,368 - Knowledge - INFO - ================================================================================
2026-03-03 04:27:34,485 - Knowledge - INFO - ================================================================================
2026-03-03 04:27:34,605 - Knowledge - INFO - ================================================================================
2026-03-03 04:27:34,712 - Knowledge - INFO - ================================================================================
2026-03-03 04:27:34,804 - Knowledge - INFO - ================================================================================
2026-03-03 04:27:34,923 - Knowledge - INFO - ================================================================================
2026-03-03 04:27:35,027 - Knowledge - INFO - ================================================================================
2026-03-03 04:27:35,137 - Knowledge - INFO - ================================================================================
2026-03-03 04:27:35,214 - Knowledge - INFO - ================================================================================
2026-03-03 04:27:35,366 - Knowledge - INFO - ================================================================================
2026-03-03 04:27:35,366 - Knowledge - INFO - ================================================================================
2026-03-03 04:27:35,472 - Knowledge - INFO - ================================================================================
2026-03-03 04:27:35,492 - Knowledge - INFO - ================================================================================
2026-03-03 04:27:35,798 - Knowledge - INFO - ================================================================================
2026-03-03 04:27:35,914 - Knowledge - INFO - ================================================================================
2026-03-03 04:27:35,982 - Knowledge - INFO - ================================================================================
2026-03-03 04:27:36,053 - Knowledge - INFO - ================================================================================
2026-03-03 04:27:36,244 - Knowledge - INFO - ================================================================================
2026-03-03 04:27:36,386 - Knowledge - INFO - ================================================================================
2026-03-03 04:27:36,502 - Knowledge - INFO - ⏱️  Elapsed Time: 62.9s (1.0 min)
2026-03-03 04:27:36,595 - Knowledge - INFO - ⏱️  Elapsed Time: 62.9s (1.0 min)
2026-03-03 04:27:36,700 - Knowledge - INFO - ⏱️  Elapsed Time: 62.9s (1.0 min)
2026-03-03 04:27:36,805 - Knowledge - INFO - ⏱️  Elapsed Time: 62.9s (1.0 min)
2026-03-03 04:27:36,910 - Knowledge - INFO - ⏱️  Elapsed Time: 62.9s (1.0 min)
2026-03-03 04:27:37,042 - Knowledge - INFO - ⏱️  Elapsed Time: 62.9s (1.0 min)
2026-03-03 04:27:37,153 - Knowledge - INFO - ⏱️  Elapsed Time: 62.9s (1.0 min)
2026-03-03 04:27:37,281 - Knowledge - INFO - ⏱️  Elapsed Time: 62.9s (1.0 min)
2026-03-03 04:27:37,356 - Knowledge - INFO - ⏱️  Elapsed Time: 62.9s (1.0 min)
2026-03-03 04:27:37,463 - Knowledge - INFO - ⏱️  Elapsed Time: 62.9s (1.0 min)
2026-03-03 04:27:37,581 - Knowledge - INFO - 📊 PERFORMANCE METRICS (Periodic Report)
2026-03-03 04:27:37,670 - Knowledge - INFO - 📊 PERFORMANCE METRICS (Periodic Report)
2026-03-03 04:27:37,740 - Knowledge - INFO - 📊 PERFORMANCE METRICS (Periodic Report)
2026-03-03 04:27:37,827 - Knowledge - INFO - ⏱️  Elapsed Time: 63.0s (1.1 min)
2026-03-03 04:27:37,955 - Knowledge - INFO - ⏱️  Elapsed Time: 63.0s (1.1 min)
2026-03-03 04:27:38,055 - Knowledge - INFO - ⏱️  Elapsed Time: 63.0s (1.1 min)
2026-03-03 04:27:38,177 - Knowledge - INFO - ⏱️  Elapsed Time: 63.0s (1.1 min)
2026-03-03 04:27:38,246 - Knowledge - INFO - ⏱️  Elapsed Time: 63.0s (1.1 min)
2026-03-03 04:27:38,316 - Knowledge - INFO - ⏱️  Elapsed Time: 63.0s (1.1 min)
2026-03-03 04:27:38,396 - Knowledge - INFO - ⏱️  Elapsed Time: 63.0s (1.1 min)
2026-03-03 04:27:38,478 - Knowledge - INFO - 📁 Files: 139 processed, 126 skipped LLM, 13 LLM processed
2026-03-03 04:27:38,580 - Knowledge - INFO - 📁 Files: 139 processed, 126 skipped LLM, 13 LLM processed
2026-03-03 04:27:38,703 - Knowledge - INFO - 📁 Files: 139 processed, 126 skipped LLM, 13 LLM processed
2026-03-03 04:27:38,788 - Knowledge - INFO - 📁 Files: 139 processed, 126 skipped LLM, 13 LLM processed
2026-03-03 04:27:38,909 - Knowledge - INFO - 📁 Files: 139 processed, 126 skipped LLM, 13 LLM processed
2026-03-03 04:27:38,990 - Knowledge - INFO - 📁 Files: 139 processed, 126 skipped LLM, 13 LLM processed
2026-03-03 04:27:39,104 - Knowledge - INFO - 📁 Files: 139 processed, 126 skipped LLM, 13 LLM processed
2026-03-03 04:27:39,171 - Knowledge - INFO - 📁 Files: 139 processed, 126 skipped LLM, 13 LLM processed
2026-03-03 04:27:39,271 - Knowledge - INFO - 📁 Files: 139 processed, 126 skipped LLM, 13 LLM processed
2026-03-03 04:27:39,399 - Knowledge - INFO - 📁 Files: 139 processed, 126 skipped LLM, 13 LLM processed
2026-03-03 04:27:39,516 - Knowledge - INFO - ================================================================================
2026-03-03 04:27:39,629 - Knowledge - INFO - ================================================================================
2026-03-03 04:27:39,720 - Knowledge - INFO - ================================================================================
2026-03-03 04:27:39,822 - Knowledge - INFO - 📁 Files: 139 processed, 126 skipped LLM, 13 LLM processed
2026-03-03 04:27:39,902 - Knowledge - INFO - 📁 Files: 139 processed, 126 skipped LLM, 13 LLM processed
2026-03-03 04:27:40,013 - Knowledge - INFO - 📁 Files: 139 processed, 126 skipped LLM, 13 LLM processed
2026-03-03 04:27:40,121 - Knowledge - INFO - 📁 Files: 139 processed, 126 skipped LLM, 13 LLM processed
2026-03-03 04:27:40,199 - Knowledge - INFO - 📁 Files: 139 processed, 126 skipped LLM, 13 LLM processed
2026-03-03 04:27:40,274 - Knowledge - INFO - 📁 Files: 139 processed, 126 skipped LLM, 13 LLM processed
2026-03-03 04:27:40,384 - Knowledge - INFO - 📁 Files: 139 processed, 126 skipped LLM, 13 LLM processed
2026-03-03 04:27:40,454 - Knowledge - INFO - ⚡ Throughput: 2.21 files/sec
2026-03-03 04:27:40,569 - Knowledge - INFO - ⚡ Throughput: 2.21 files/sec
2026-03-03 04:27:40,680 - Knowledge - INFO - ⚡ Throughput: 2.21 files/sec
2026-03-03 04:27:40,754 - Knowledge - INFO - ⚡ Throughput: 2.21 files/sec
2026-03-03 04:27:40,831 - Knowledge - INFO - ⚡ Throughput: 2.21 files/sec
2026-03-03 04:27:40,914 - Knowledge - INFO - ⚡ Throughput: 2.21 files/sec
2026-03-03 04:27:41,004 - Knowledge - INFO - ⚡ Throughput: 2.21 files/sec
2026-03-03 04:27:41,132 - Knowledge - INFO - ⚡ Throughput: 2.21 files/sec
2026-03-03 04:27:41,238 - Knowledge - INFO - ⚡ Throughput: 2.21 files/sec
2026-03-03 04:27:41,346 - Knowledge - INFO - ⚡ Throughput: 2.21 files/sec
2026-03-03 04:27:41,421 - Knowledge - INFO - ⏱️  Elapsed Time: 66.1s (1.1 min)
2026-03-03 04:27:41,494 - Knowledge - INFO - ⏱️  Elapsed Time: 66.1s (1.1 min)
2026-03-03 04:27:41,583 - Knowledge - INFO - ⏱️  Elapsed Time: 66.2s (1.1 min)
2026-03-03 04:27:41,669 - Knowledge - INFO - ⚡ Throughput: 2.21 files/sec
2026-03-03 04:27:41,788 - Knowledge - INFO - ⚡ Throughput: 2.21 files/sec
2026-03-03 04:27:41,896 - Knowledge - INFO - ⚡ Throughput: 2.21 files/sec
2026-03-03 04:27:41,967 - Knowledge - INFO - ⚡ Throughput: 2.21 files/sec
2026-03-03 04:27:42,050 - Knowledge - INFO - ⚡ Throughput: 2.21 files/sec
2026-03-03 04:27:42,129 - Knowledge - INFO - ⚡ Throughput: 2.21 files/sec
2026-03-03 04:27:42,241 - Knowledge - INFO - ⚡ Throughput: 2.21 files/sec
2026-03-03 04:27:42,362 - Knowledge - INFO - 📋 Queue: 0 queued, 0 in progress
2026-03-03 04:27:42,466 - Knowledge - INFO - 📋 Queue: 0 queued, 0 in progress
2026-03-03 04:27:42,541 - Knowledge - INFO - 📋 Queue: 0 queued, 0 in progress
2026-03-03 04:27:42,610 - Knowledge - INFO - 📋 Queue: 0 queued, 0 in progress
2026-03-03 04:27:42,687 - Knowledge - INFO - 📋 Queue: 0 queued, 0 in progress
2026-03-03 04:27:42,776 - Knowledge - INFO - 📋 Queue: 0 queued, 0 in progress
2026-03-03 04:27:42,857 - Knowledge - INFO - 📋 Queue: 0 queued, 0 in progress
2026-03-03 04:27:42,962 - Knowledge - INFO - 📋 Queue: 0 queued, 0 in progress
2026-03-03 04:27:43,116 - Knowledge - INFO - 📋 Queue: 0 queued, 0 in progress
2026-03-03 04:27:43,187 - Knowledge - INFO - 📋 Queue: 0 queued, 0 in progress
2026-03-03 04:27:43,273 - Knowledge - INFO - 📁 Files: 139 processed, 126 skipped LLM, 13 LLM processed
2026-03-03 04:27:43,389 - Knowledge - INFO - 📁 Files: 139 processed, 126 skipped LLM, 13 LLM processed
2026-03-03 04:27:43,526 - Knowledge - INFO - 📁 Files: 139 processed, 126 skipped LLM, 13 LLM processed
2026-03-03 04:27:43,662 - Knowledge - INFO - 📋 Queue: 0 queued, 0 in progress
2026-03-03 04:27:43,787 - Knowledge - INFO - 📋 Queue: 0 queued, 0 in progress
2026-03-03 04:27:43,857 - Knowledge - INFO - 📋 Queue: 0 queued, 0 in progress
2026-03-03 04:27:43,938 - Knowledge - INFO - 📋 Queue: 0 queued, 0 in progress
2026-03-03 04:27:44,076 - Knowledge - INFO - 📋 Queue: 0 queued, 0 in progress
2026-03-03 04:27:44,163 - Knowledge - INFO - 📋 Queue: 0 queued, 0 in progress
2026-03-03 04:27:44,311 - Knowledge - INFO - 📋 Queue: 0 queued, 0 in progress
2026-03-03 04:27:44,386 - Knowledge - INFO - 
2026-03-03 04:27:44,547 - Knowledge - INFO - 
2026-03-03 04:27:44,650 - Knowledge - INFO - 
2026-03-03 04:27:44,761 - Knowledge - INFO - 
2026-03-03 04:27:44,832 - Knowledge - INFO - 
2026-03-03 04:27:44,907 - Knowledge - INFO - 
2026-03-03 04:27:45,011 - Knowledge - INFO - 
2026-03-03 04:27:45,112 - Knowledge - INFO - 
2026-03-03 04:27:45,223 - Knowledge - INFO - 
2026-03-03 04:27:45,334 - Knowledge - INFO - 
2026-03-03 04:27:45,423 - Knowledge - INFO - ⚡ Throughput: 2.10 files/sec
2026-03-03 04:27:45,530 - Knowledge - INFO - ⚡ Throughput: 2.10 files/sec
2026-03-03 04:27:45,662 - Knowledge - INFO - ⚡ Throughput: 2.10 files/sec
2026-03-03 04:27:45,739 - Knowledge - INFO - 
2026-03-03 04:27:45,850 - Knowledge - INFO - 
2026-03-03 04:27:45,990 - Knowledge - INFO - 
2026-03-03 04:27:46,117 - Knowledge - INFO - 
2026-03-03 04:27:46,196 - Knowledge - INFO - 
2026-03-03 04:27:46,286 - Knowledge - INFO - 
2026-03-03 04:27:46,370 - Knowledge - INFO - 
2026-03-03 04:27:46,494 - Knowledge - INFO - 🤖 LLM Metrics:
2026-03-03 04:27:46,599 - Knowledge - INFO - 🤖 LLM Metrics:
2026-03-03 04:27:46,711 - Knowledge - INFO - 🤖 LLM Metrics:
2026-03-03 04:27:46,834 - Knowledge - INFO - 🤖 LLM Metrics:
2026-03-03 04:27:46,943 - Knowledge - INFO - 🤖 LLM Metrics:
2026-03-03 04:27:47,044 - Knowledge - INFO - 🤖 LLM Metrics:
2026-03-03 04:27:47,148 - Knowledge - INFO - 🤖 LLM Metrics:
2026-03-03 04:27:47,238 - Knowledge - INFO - 🤖 LLM Metrics:
2026-03-03 04:27:47,329 - Knowledge - INFO - 🤖 LLM Metrics:
2026-03-03 04:27:47,451 - Knowledge - INFO - 🤖 LLM Metrics:
2026-03-03 04:27:47,567 - Knowledge - INFO - 📋 Queue: 0 queued, 0 in progress
2026-03-03 04:27:47,640 - Knowledge - INFO - 📋 Queue: 0 queued, 0 in progress
2026-03-03 04:27:47,724 - Knowledge - INFO - 📋 Queue: 0 queued, 0 in progress
2026-03-03 04:27:47,838 - Knowledge - INFO - 🤖 LLM Metrics:
2026-03-03 04:27:47,944 - Knowledge - INFO - 🤖 LLM Metrics:
2026-03-03 04:27:48,070 - Knowledge - INFO - 🤖 LLM Metrics:
2026-03-03 04:27:48,176 - Knowledge - INFO - 🤖 LLM Metrics:
2026-03-03 04:27:48,311 - Knowledge - INFO - 🤖 LLM Metrics:
2026-03-03 04:27:48,406 - Knowledge - INFO - 🤖 LLM Metrics:
2026-03-03 04:27:48,509 - Knowledge - INFO - 🤖 LLM Metrics:
2026-03-03 04:27:48,641 - Knowledge - INFO -    Call time: avg=7.379s, max=13.757s, total=95.9s
2026-03-03 04:27:48,757 - Knowledge - INFO -    Call time: avg=7.379s, max=13.757s, total=95.9s
2026-03-03 04:27:48,870 - Knowledge - INFO -    Call time: avg=7.379s, max=13.757s, total=95.9s
2026-03-03 04:27:48,962 - Knowledge - INFO -    Call time: avg=7.379s, max=13.757s, total=95.9s
2026-03-03 04:27:49,040 - Knowledge - INFO -    Call time: avg=7.379s, max=13.757s, total=95.9s
2026-03-03 04:27:49,134 - Knowledge - INFO -    Call time: avg=7.379s, max=13.757s, total=95.9s
2026-03-03 04:27:49,211 - Knowledge - INFO -    Call time: avg=7.379s, max=13.757s, total=95.9s
2026-03-03 04:27:49,282 - Knowledge - INFO -    Call time: avg=7.379s, max=13.757s, total=95.9s
2026-03-03 04:27:49,399 - Knowledge - INFO -    Call time: avg=7.379s, max=13.757s, total=95.9s
2026-03-03 04:27:49,504 - Knowledge - INFO -    Call time: avg=7.379s, max=13.757s, total=95.9s
2026-03-03 04:27:49,605 - Knowledge - INFO - 
2026-03-03 04:27:49,734 - Knowledge - INFO - 
2026-03-03 04:27:49,820 - Knowledge - INFO - 
2026-03-03 04:27:49,911 - Knowledge - INFO -    Call time: avg=7.379s, max=13.757s, total=95.9s
2026-03-03 04:27:50,036 - Knowledge - INFO -    Call time: avg=7.379s, max=13.757s, total=95.9s
2026-03-03 04:27:50,117 - Knowledge - INFO -    Call time: avg=7.379s, max=13.757s, total=95.9s
2026-03-03 04:27:50,224 - Knowledge - INFO -    Call time: avg=7.379s, max=13.757s, total=95.9s
2026-03-03 04:27:50,334 - Knowledge - INFO -    Call time: avg=7.379s, max=13.757s, total=95.9s
2026-03-03 04:27:50,415 - Knowledge - INFO -    Call time: avg=7.379s, max=13.757s, total=95.9s
2026-03-03 04:27:50,507 - Knowledge - INFO -    Call time: avg=7.379s, max=13.757s, total=95.9s
2026-03-03 04:27:50,612 - Knowledge - INFO - 
2026-03-03 04:27:50,726 - Knowledge - INFO - 
2026-03-03 04:27:50,798 - Knowledge - INFO - 
2026-03-03 04:27:50,892 - Knowledge - INFO - 
2026-03-03 04:27:50,958 - Knowledge - INFO - 
2026-03-03 04:27:51,034 - Knowledge - INFO - 
2026-03-03 04:27:51,124 - Knowledge - INFO - 
2026-03-03 04:27:51,236 - Knowledge - INFO - 
2026-03-03 04:27:51,343 - Knowledge - INFO - 
2026-03-03 04:27:51,439 - Knowledge - INFO - 
2026-03-03 04:27:51,518 - Knowledge - INFO - 🤖 LLM Metrics:
2026-03-03 04:27:51,631 - Knowledge - INFO - 🤖 LLM Metrics:
2026-03-03 04:27:51,710 - Knowledge - INFO - 🤖 LLM Metrics:
2026-03-03 04:27:51,781 - Knowledge - INFO - 
2026-03-03 04:27:51,851 - Knowledge - INFO - 
2026-03-03 04:27:52,005 - Knowledge - INFO - 
2026-03-03 04:27:52,084 - Knowledge - INFO - 
2026-03-03 04:27:52,156 - Knowledge - INFO - 
2026-03-03 04:27:52,257 - Knowledge - INFO - 
2026-03-03 04:27:52,378 - Knowledge - INFO - 
2026-03-03 04:27:52,510 - Knowledge - INFO - 💾 I/O Metrics:
2026-03-03 04:27:52,611 - Knowledge - INFO - 💾 I/O Metrics:
2026-03-03 04:27:52,685 - Knowledge - INFO - 💾 I/O Metrics:
2026-03-03 04:27:52,801 - Knowledge - INFO - 💾 I/O Metrics:
2026-03-03 04:27:52,894 - Knowledge - INFO - 💾 I/O Metrics:
2026-03-03 04:27:53,087 - Knowledge - INFO - 💾 I/O Metrics:
2026-03-03 04:27:53,168 - Knowledge - INFO - 💾 I/O Metrics:
2026-03-03 04:27:53,264 - Knowledge - INFO - 💾 I/O Metrics:
2026-03-03 04:27:53,332 - Knowledge - INFO - 💾 I/O Metrics:
2026-03-03 04:27:53,400 - Knowledge - INFO - 💾 I/O Metrics:
2026-03-03 04:27:53,520 - Knowledge - INFO -    Call time: avg=7.379s, max=13.757s, total=95.9s
2026-03-03 04:27:53,671 - Knowledge - INFO -    Call time: avg=7.379s, max=13.757s, total=95.9s
2026-03-03 04:27:53,775 - Knowledge - INFO -    Call time: avg=7.379s, max=13.757s, total=95.9s
2026-03-03 04:27:53,867 - Knowledge - INFO - 💾 I/O Metrics:
2026-03-03 04:27:53,993 - Knowledge - INFO - 💾 I/O Metrics:
2026-03-03 04:27:54,109 - Knowledge - INFO - 💾 I/O Metrics:
2026-03-03 04:27:54,179 - Knowledge - INFO - 💾 I/O Metrics:
2026-03-03 04:27:54,255 - Knowledge - INFO - 💾 I/O Metrics:
2026-03-03 04:27:54,371 - Knowledge - INFO - 💾 I/O Metrics:
2026-03-03 04:27:54,462 - Knowledge - INFO - 💾 I/O Metrics:
2026-03-03 04:27:54,528 - Knowledge - INFO -    File I/O: avg=0.005s, total=0.7s
2026-03-03 04:27:54,623 - Knowledge - INFO -    File I/O: avg=0.005s, total=0.7s
2026-03-03 04:27:54,735 - Knowledge - INFO -    File I/O: avg=0.005s, total=0.7s
2026-03-03 04:27:54,848 - Knowledge - INFO -    File I/O: avg=0.005s, total=0.7s
2026-03-03 04:27:54,947 - Knowledge - INFO -    File I/O: avg=0.005s, total=0.7s
2026-03-03 04:27:55,029 - Knowledge - INFO -    File I/O: avg=0.005s, total=0.7s
2026-03-03 04:27:55,097 - Knowledge - INFO -    File I/O: avg=0.005s, total=0.7s
2026-03-03 04:27:55,195 - Knowledge - INFO -    File I/O: avg=0.005s, total=0.7s
2026-03-03 04:27:55,306 - Knowledge - INFO -    File I/O: avg=0.005s, total=0.7s
2026-03-03 04:27:55,393 - Knowledge - INFO -    File I/O: avg=0.005s, total=0.7s
2026-03-03 04:27:55,506 - Knowledge - INFO - 
2026-03-03 04:27:55,616 - Knowledge - INFO - 
2026-03-03 04:27:55,710 - Knowledge - INFO - 
2026-03-03 04:27:55,809 - Knowledge - INFO -    File I/O: avg=0.005s, total=0.7s
2026-03-03 04:27:55,892 - Knowledge - INFO -    File I/O: avg=0.005s, total=0.7s
2026-03-03 04:27:55,972 - Knowledge - INFO -    File I/O: avg=0.005s, total=0.7s
2026-03-03 04:27:56,063 - Knowledge - INFO -    File I/O: avg=0.005s, total=0.7s
2026-03-03 04:27:56,152 - Knowledge - INFO -    File I/O: avg=0.005s, total=0.7s
2026-03-03 04:27:56,254 - Knowledge - INFO -    File I/O: avg=0.005s, total=0.7s
2026-03-03 04:27:56,334 - Knowledge - INFO -    File I/O: avg=0.005s, total=0.7s
2026-03-03 04:27:56,455 - Knowledge - INFO - 
2026-03-03 04:27:56,536 - Knowledge - INFO - 
2026-03-03 04:27:56,640 - Knowledge - INFO - 
2026-03-03 04:27:56,741 - Knowledge - INFO - 
2026-03-03 04:27:56,838 - Knowledge - INFO - 
2026-03-03 04:27:56,921 - Knowledge - INFO - 
2026-03-03 04:27:57,063 - Knowledge - INFO - 
2026-03-03 04:27:57,147 - Knowledge - INFO - 
2026-03-03 04:27:57,248 - Knowledge - INFO - 
2026-03-03 04:27:57,367 - Knowledge - INFO - 
2026-03-03 04:27:57,483 - Knowledge - INFO - 💾 I/O Metrics:
2026-03-03 04:27:57,563 - Knowledge - INFO - 💾 I/O Metrics:
2026-03-03 04:27:57,641 - Knowledge - INFO - 💾 I/O Metrics:
2026-03-03 04:27:57,772 - Knowledge - INFO - 
2026-03-03 04:27:57,885 - Knowledge - INFO - 
2026-03-03 04:27:57,964 - Knowledge - INFO - 
2026-03-03 04:27:58,072 - Knowledge - INFO - 
2026-03-03 04:27:58,153 - Knowledge - INFO - 
2026-03-03 04:27:58,255 - Knowledge - INFO - 
2026-03-03 04:27:58,368 - Knowledge - INFO - 
2026-03-03 04:27:58,463 - Knowledge - INFO - 🔄 Batch Processing:
2026-03-03 04:27:58,589 - Knowledge - INFO - 🔄 Batch Processing:
2026-03-03 04:27:58,688 - Knowledge - INFO - 🔄 Batch Processing:
2026-03-03 04:27:58,793 - Knowledge - INFO - 🔄 Batch Processing:
2026-03-03 04:27:58,918 - Knowledge - INFO - 🔄 Batch Processing:
2026-03-03 04:27:58,997 - Knowledge - INFO - 🔄 Batch Processing:
2026-03-03 04:27:59,087 - Knowledge - INFO - 🔄 Batch Processing:
2026-03-03 04:27:59,179 - Knowledge - INFO - 🔄 Batch Processing:
2026-03-03 04:27:59,259 - Knowledge - INFO - 🔄 Batch Processing:
2026-03-03 04:27:59,354 - Knowledge - INFO - 🔄 Batch Processing:
2026-03-03 04:27:59,443 - Knowledge - INFO -    File I/O: avg=0.005s, total=0.7s
2026-03-03 04:27:59,595 - Knowledge - INFO -    File I/O: avg=0.005s, total=0.7s
2026-03-03 04:27:59,718 - Knowledge - INFO -    File I/O: avg=0.005s, total=0.7s
2026-03-03 04:27:59,824 - Knowledge - INFO - 🔄 Batch Processing:
2026-03-03 04:27:59,893 - Knowledge - INFO - 🔄 Batch Processing:
2026-03-03 04:28:00,003 - Knowledge - INFO - 🔄 Batch Processing:
2026-03-03 04:28:00,126 - Knowledge - INFO - 🔄 Batch Processing:
2026-03-03 04:28:00,249 - Knowledge - INFO - 🔄 Batch Processing:
2026-03-03 04:28:00,320 - Knowledge - INFO - 🔄 Batch Processing:
2026-03-03 04:28:00,402 - Knowledge - INFO - 🔄 Batch Processing:
2026-03-03 04:28:00,490 - Knowledge - INFO -    Batches: 33, avg_time=2.98s, avg_throughput=133.45 files/sec
2026-03-03 04:28:00,602 - Knowledge - INFO -    Batches: 33, avg_time=2.98s, avg_throughput=133.45 files/sec
2026-03-03 04:28:00,708 - Knowledge - INFO -    Batches: 33, avg_time=2.98s, avg_throughput=133.45 files/sec
2026-03-03 04:28:00,851 - Knowledge - INFO -    Batches: 33, avg_time=2.98s, avg_throughput=133.45 files/sec
2026-03-03 04:28:00,919 - Knowledge - INFO -    Batches: 33, avg_time=2.98s, avg_throughput=133.45 files/sec
2026-03-03 04:28:01,093 - Knowledge - INFO -    Batches: 33, avg_time=2.98s, avg_throughput=133.45 files/sec
2026-03-03 04:28:01,164 - Knowledge - INFO -    Batches: 33, avg_time=2.98s, avg_throughput=133.45 files/sec
2026-03-03 04:28:01,246 - Knowledge - INFO -    Batches: 33, avg_time=2.98s, avg_throughput=133.45 files/sec
2026-03-03 04:28:01,366 - Knowledge - INFO -    Batches: 33, avg_time=2.98s, avg_throughput=133.45 files/sec
2026-03-03 04:28:01,468 - Knowledge - INFO -    Batches: 33, avg_time=2.98s, avg_throughput=133.45 files/sec
2026-03-03 04:28:01,584 - Knowledge - INFO - 
2026-03-03 04:28:01,686 - Knowledge - INFO - 
2026-03-03 04:28:01,789 - Knowledge - INFO - 
2026-03-03 04:28:01,882 - Knowledge - INFO -    Batches: 33, avg_time=2.98s, avg_throughput=133.45 files/sec
2026-03-03 04:28:01,978 - Knowledge - INFO -    Batches: 33, avg_time=2.98s, avg_throughput=133.45 files/sec
2026-03-03 04:28:02,055 - Knowledge - INFO -    Batches: 33, avg_time=2.98s, avg_throughput=133.45 files/sec
2026-03-03 04:28:02,157 - Knowledge - INFO -    Batches: 33, avg_time=2.98s, avg_throughput=133.45 files/sec
2026-03-03 04:28:02,232 - Knowledge - INFO -    Batches: 33, avg_time=2.98s, avg_throughput=133.45 files/sec
2026-03-03 04:28:02,338 - Knowledge - INFO -    Batches: 33, avg_time=2.98s, avg_throughput=133.45 files/sec
2026-03-03 04:28:02,409 - Knowledge - INFO -    Batches: 33, avg_time=2.98s, avg_throughput=133.45 files/sec
2026-03-03 04:28:02,549 - Knowledge - INFO - 
2026-03-03 04:28:02,640 - Knowledge - INFO - 
2026-03-03 04:28:02,732 - Knowledge - INFO - 
2026-03-03 04:28:02,839 - Knowledge - INFO - 
2026-03-03 04:29:57,148 - Knowledge - INFO - Created shared MongoDB connection pool
2026-03-03 04:29:57,476 - Knowledge - INFO - Starting Knowledge Graph processing with 20 threads
2026-03-03 04:29:57,639 - Knowledge - INFO - Initial configuration: chunk_size=65536, max_cache_size=500
2026-03-03 04:29:57,831 - Knowledge - INFO - Knowledge Graph concurrency configuration: workers=20, max_batch_size=10, max_concurrent_llm_calls=50
2026-03-03 04:29:58,920 - Knowledge - INFO - 🔍 _load_persisted_knowledge called - checking for Redis optimization
2026-03-03 04:29:59,136 - Knowledge - WARNING - ❌ load_from_redis method not found - Redis support not attached
2026-03-03 04:29:59,329 - Knowledge - INFO - load persisted knowledge: begin
2026-03-03 04:30:01,560 - Knowledge - INFO - Persisted knowledge files in /app/data/tevdevice9937/17/b8468m5/rdk-halif-aidl-17/.knowledge have been renamed to use .json
2026-03-03 04:30:01,770 - Knowledge - INFO - Found code-base-name: https://github.com/kavia-common/rdk-halif-aidl-17.git:kavia-develop-6801
2026-03-03 04:30:01,970 - Knowledge - INFO - Found code_base: <app.utils.kg_build.knowledge.KnowledgeCodeBase object at 0x7f4a5462bf90>
2026-03-03 04:30:02,357 - Knowledge - INFO - Found code-base-name: https://github.com/kavia-common/rdk-halif-aidl-17.git:kavia-develop-6801
2026-03-03 04:30:02,520 - Knowledge - INFO - Found code_base: <app.utils.kg_build.knowledge.KnowledgeCodeBase object at 0x7f4a5462bf90>
2026-03-03 04:30:02,732 - Knowledge - INFO - persist ingested knowledge for /app/data/tevdevice9937/17/b8468m5/rdk-halif-aidl-17/sensor/current/com/rdk/hal/sensor/thermal/CMakeLists.txt
2026-03-03 04:30:03,080 - Knowledge - INFO - [MONGODB_OP] Completed: persist, Collection: file_info, Duration: 160ms
2026-03-03 04:30:04,279 - Knowledge - INFO - [REDIS_OP] Completed: store_embedding, Key: sensor/current/com/rdk/hal/sensor/thermal/CMakeLists.txt, Duration: 1031ms
2026-03-03 04:30:04,440 - Knowledge - INFO - persist search terms embedding for sensor/current/com/rdk/hal/sensor/thermal/CMakeLists.txt
2026-03-03 04:30:04,650 - Knowledge - INFO - process ingested knowledge for /app/data/tevdevice9937/17/b8468m5/rdk-halif-aidl-17/sensor/current/com/rdk/hal/sensor/thermal/CMakeLists.txt
2026-03-03 04:30:04,821 - Knowledge - INFO - Found code-base-name: https://github.com/kavia-common/rdk-halif-aidl-17.git:kavia-develop-6801
2026-03-03 04:30:05,015 - Knowledge - INFO - Found code_base: <app.utils.kg_build.knowledge.KnowledgeCodeBase object at 0x7f4a5462bf90>
2026-03-03 04:30:05,321 - Knowledge - INFO - Found code-base-name: https://github.com/kavia-common/rdk-halif-aidl-17.git:kavia-develop-6801
2026-03-03 04:30:05,491 - Knowledge - INFO - Found code_base: <app.utils.kg_build.knowledge.KnowledgeCodeBase object at 0x7f4a5462bf90>
2026-03-03 04:30:05,663 - Knowledge - INFO - persist ingested knowledge for /app/data/tevdevice9937/17/b8468m5/rdk-halif-aidl-17/docs/standards/direct_branching.md
2026-03-03 04:30:05,981 - Knowledge - INFO - [MONGODB_OP] Completed: persist, Collection: file_info, Duration: 128ms
2026-03-03 04:30:06,425 - Knowledge - INFO - [REDIS_OP] Completed: store_embedding, Key: docs/standards/direct_branching.md, Duration: 256ms
2026-03-03 04:30:06,632 - Knowledge - INFO - persist search terms embedding for docs/standards/direct_branching.md
2026-03-03 04:30:06,857 - Knowledge - INFO - process ingested knowledge for /app/data/tevdevice9937/17/b8468m5/rdk-halif-aidl-17/docs/standards/direct_branching.md
2026-03-03 04:30:07,046 - Knowledge - INFO - Found code-base-name: https://github.com/kavia-common/rdk-halif-aidl-17.git:kavia-develop-6801
2026-03-03 04:30:07,212 - Knowledge - INFO - Found code_base: <app.utils.kg_build.knowledge.KnowledgeCodeBase object at 0x7f4a5462bf90>
2026-03-03 04:30:07,536 - Knowledge - INFO - Found code-base-name: https://github.com/kavia-common/rdk-halif-aidl-17.git:kavia-develop-6801
2026-03-03 04:30:07,721 - Knowledge - INFO - Found code_base: <app.utils.kg_build.knowledge.KnowledgeCodeBase object at 0x7f4a5462bf90>
2026-03-03 04:30:07,909 - Knowledge - INFO - persist ingested knowledge for /app/data/tevdevice9937/17/b8468m5/rdk-halif-aidl-17/cdm/readme.md
2026-03-03 04:30:08,222 - Knowledge - INFO - [MONGODB_OP] Completed: persist, Collection: file_info, Duration: 106ms
2026-03-03 04:30:08,636 - Knowledge - INFO - [REDIS_OP] Completed: store_embedding, Key: cdm/readme.md, Duration: 236ms
2026-03-03 04:30:08,817 - Knowledge - INFO - persist search terms embedding for cdm/readme.md
2026-03-03 04:30:08,995 - Knowledge - INFO - process ingested knowledge for /app/data/tevdevice9937/17/b8468m5/rdk-halif-aidl-17/cdm/readme.md
2026-03-03 04:30:09,179 - Knowledge - INFO - Found code-base-name: https://github.com/kavia-common/rdk-halif-aidl-17.git:kavia-develop-6801
2026-03-03 04:30:09,365 - Knowledge - INFO - Found code_base: <app.utils.kg_build.knowledge.KnowledgeCodeBase object at 0x7f4a5462bf90>
2026-03-03 04:30:09,631 - Knowledge - INFO - Found code-base-name: https://github.com/kavia-common/rdk-halif-aidl-17.git:kavia-develop-6801
2026-03-03 04:30:09,806 - Knowledge - INFO - Found code_base: <app.utils.kg_build.knowledge.KnowledgeCodeBase object at 0x7f4a5462bf90>
2026-03-03 04:30:09,988 - Knowledge - INFO - persist ingested knowledge for /app/data/tevdevice9937/17/b8468m5/rdk-halif-aidl-17/avbuffer/current/CMakeLists.txt
2026-03-03 04:30:10,300 - Knowledge - INFO - [MONGODB_OP] Completed: persist, Collection: file_info, Duration: 111ms
2026-03-03 04:30:10,676 - Knowledge - INFO - [REDIS_OP] Completed: store_embedding, Key: avbuffer/current/CMakeLists.txt, Duration: 203ms
2026-03-03 04:30:10,881 - Knowledge - INFO - persist search terms embedding for avbuffer/current/CMakeLists.txt
2026-03-03 04:30:11,063 - Knowledge - INFO - process ingested knowledge for /app/data/tevdevice9937/17/b8468m5/rdk-halif-aidl-17/avbuffer/current/CMakeLists.txt
2026-03-03 04:30:11,221 - Knowledge - INFO - Found code-base-name: https://github.com/kavia-common/rdk-halif-aidl-17.git:kavia-develop-6801
2026-03-03 04:30:11,417 - Knowledge - INFO - Found code_base: <app.utils.kg_build.knowledge.KnowledgeCodeBase object at 0x7f4a5462bf90>
2026-03-03 04:30:11,689 - Knowledge - INFO - Found code-base-name: https://github.com/kavia-common/rdk-halif-aidl-17.git:kavia-develop-6801
2026-03-03 04:30:11,880 - Knowledge - INFO - Found code_base: <app.utils.kg_build.knowledge.KnowledgeCodeBase object at 0x7f4a5462bf90>
2026-03-03 04:30:12,043 - Knowledge - INFO - persist ingested knowledge for /app/data/tevdevice9937/17/b8468m5/rdk-halif-aidl-17/planecontrol/current/CMakeLists.txt
2026-03-03 04:30:12,404 - Knowledge - INFO - [MONGODB_OP] Completed: persist, Collection: file_info, Duration: 124ms
2026-03-03 04:30:13,116 - Knowledge - INFO - [REDIS_OP] Completed: store_embedding, Key: planecontrol/current/CMakeLists.txt, Duration: 512ms
2026-03-03 04:30:13,320 - Knowledge - INFO - persist search terms embedding for planecontrol/current/CMakeLists.txt
2026-03-03 04:30:13,525 - Knowledge - INFO - process ingested knowledge for /app/data/tevdevice9937/17/b8468m5/rdk-halif-aidl-17/planecontrol/current/CMakeLists.txt
2026-03-03 04:30:13,698 - Knowledge - INFO - Found code-base-name: https://github.com/kavia-common/rdk-halif-aidl-17.git:kavia-develop-6801
2026-03-03 04:30:13,849 - Knowledge - INFO - Found code_base: <app.utils.kg_build.knowledge.KnowledgeCodeBase object at 0x7f4a5462bf90>
2026-03-03 04:30:14,152 - Knowledge - INFO - Found code-base-name: https://github.com/kavia-common/rdk-halif-aidl-17.git:kavia-develop-6801
2026-03-03 04:30:14,389 - Knowledge - INFO - Found code_base: <app.utils.kg_build.knowledge.KnowledgeCodeBase object at 0x7f4a5462bf90>
2026-03-03 04:30:14,552 - Knowledge - INFO - persist ingested knowledge for /app/data/tevdevice9937/17/b8468m5/rdk-halif-aidl-17/docs/introduction/the_software_stack.md
2026-03-03 04:30:14,821 - Knowledge - INFO - [MONGODB_OP] Completed: persist, Collection: file_info, Duration: 113ms
2026-03-03 04:30:15,243 - Knowledge - INFO - [REDIS_OP] Completed: store_embedding, Key: docs/introduction/the_software_stack.md, Duration: 211ms
2026-03-03 04:30:15,431 - Knowledge - INFO - persist search terms embedding for docs/introduction/the_software_stack.md
2026-03-03 04:30:15,640 - Knowledge - INFO - process ingested knowledge for /app/data/tevdevice9937/17/b8468m5/rdk-halif-aidl-17/docs/introduction/the_software_stack.md
2026-03-03 04:30:15,892 - Knowledge - INFO - Found code-base-name: https://github.com/kavia-common/rdk-halif-aidl-17.git:kavia-develop-6801
2026-03-03 04:30:16,038 - Knowledge - INFO - Found code_base: <app.utils.kg_build.knowledge.KnowledgeCodeBase object at 0x7f4a5462bf90>
2026-03-03 04:30:16,354 - Knowledge - INFO - Found code-base-name: https://github.com/kavia-common/rdk-halif-aidl-17.git:kavia-develop-6801
2026-03-03 04:30:16,538 - Knowledge - INFO - Found code_base: <app.utils.kg_build.knowledge.KnowledgeCodeBase object at 0x7f4a5462bf90>
2026-03-03 04:30:16,719 - Knowledge - INFO - persist ingested knowledge for /app/data/tevdevice9937/17/b8468m5/rdk-halif-aidl-17/docs/halif/key_concepts/hal/hal_session_state_management.md
2026-03-03 04:30:17,019 - Knowledge - INFO - [MONGODB_OP] Completed: persist, Collection: file_info, Duration: 106ms
2026-03-03 04:30:17,508 - Knowledge - INFO - [REDIS_OP] Completed: store_embedding, Key: docs/halif/key_concepts/hal/hal_session_state_management.md, Duration: 324ms
2026-03-03 04:30:17,675 - Knowledge - INFO - persist search terms embedding for docs/halif/key_concepts/hal/hal_session_state_management.md
2026-03-03 04:30:17,864 - Knowledge - INFO - process ingested knowledge for /app/data/tevdevice9937/17/b8468m5/rdk-halif-aidl-17/docs/halif/key_concepts/hal/hal_session_state_management.md
2026-03-03 04:30:18,067 - Knowledge - INFO - Found code-base-name: https://github.com/kavia-common/rdk-halif-aidl-17.git:kavia-develop-6801
2026-03-03 04:30:18,274 - Knowledge - INFO - Found code_base: <app.utils.kg_build.knowledge.KnowledgeCodeBase object at 0x7f4a5462bf90>
2026-03-03 04:30:18,562 - Knowledge - INFO - Found code-base-name: https://github.com/kavia-common/rdk-halif-aidl-17.git:kavia-develop-6801
2026-03-03 04:30:18,741 - Knowledge - INFO - Found code_base: <app.utils.kg_build.knowledge.KnowledgeCodeBase object at 0x7f4a5462bf90>
2026-03-03 04:30:18,961 - Knowledge - INFO - persist ingested knowledge for /app/data/tevdevice9937/17/b8468m5/rdk-halif-aidl-17/docs/whitepapers/branching_strategies.md
2026-03-03 04:30:19,255 - Knowledge - INFO - [MONGODB_OP] Completed: persist, Collection: file_info, Duration: 132ms
2026-03-03 04:30:19,715 - Knowledge - INFO - [REDIS_OP] Completed: store_embedding, Key: docs/whitepapers/branching_strategies.md, Duration: 282ms
2026-03-03 04:30:19,911 - Knowledge - INFO - persist search terms embedding for docs/whitepapers/branching_strategies.md
2026-03-03 04:30:20,060 - Knowledge - INFO - process ingested knowledge for /app/data/tevdevice9937/17/b8468m5/rdk-halif-aidl-17/docs/whitepapers/branching_strategies.md
2026-03-03 04:30:20,235 - Knowledge - INFO - Found code-base-name: https://github.com/kavia-common/rdk-halif-aidl-17.git:kavia-develop-6801
2026-03-03 04:30:20,436 - Knowledge - INFO - Found code_base: <app.utils.kg_build.knowledge.KnowledgeCodeBase object at 0x7f4a5462bf90>
2026-03-03 04:30:20,682 - Knowledge - INFO - Found code-base-name: https://github.com/kavia-common/rdk-halif-aidl-17.git:kavia-develop-6801
2026-03-03 04:30:20,829 - Knowledge - INFO - Found code_base: <app.utils.kg_build.knowledge.KnowledgeCodeBase object at 0x7f4a5462bf90>
2026-03-03 04:30:21,034 - Knowledge - INFO - persist ingested knowledge for /app/data/tevdevice9937/17/b8468m5/rdk-halif-aidl-17/docs/standards/rdk_central_signup.md
2026-03-03 04:30:21,367 - Knowledge - INFO - [MONGODB_OP] Completed: persist, Collection: file_info, Duration: 124ms
2026-03-03 04:30:21,862 - Knowledge - INFO - [REDIS_OP] Completed: store_embedding, Key: docs/standards/rdk_central_signup.md, Duration: 275ms
2026-03-03 04:30:22,080 - Knowledge - INFO - persist search terms embedding for docs/standards/rdk_central_signup.md
2026-03-03 04:30:22,292 - Knowledge - INFO - process ingested knowledge for /app/data/tevdevice9937/17/b8468m5/rdk-halif-aidl-17/docs/standards/rdk_central_signup.md
2026-03-03 04:30:22,505 - Knowledge - INFO - Found code-base-name: https://github.com/kavia-common/rdk-halif-aidl-17.git:kavia-develop-6801
2026-03-03 04:30:22,661 - Knowledge - INFO - Found code_base: <app.utils.kg_build.knowledge.KnowledgeCodeBase object at 0x7f4a5462bf90>
2026-03-03 04:30:22,927 - Knowledge - INFO - Found code-base-name: https://github.com/kavia-common/rdk-halif-aidl-17.git:kavia-develop-6801
2026-03-03 04:30:23,115 - Knowledge - INFO - Found code_base: <app.utils.kg_build.knowledge.KnowledgeCodeBase object at 0x7f4a5462bf90>
2026-03-03 04:30:23,333 - Knowledge - INFO - persist ingested knowledge for /app/data/tevdevice9937/17/b8468m5/rdk-halif-aidl-17/docs/vsi/filesystem/current/file_system_architecture.md
2026-03-03 04:30:23,667 - Knowledge - INFO - [MONGODB_OP] Completed: persist, Collection: file_info, Duration: 144ms
2026-03-03 04:30:24,100 - Knowledge - INFO - [REDIS_OP] Completed: store_embedding, Key: docs/vsi/filesystem/current/file_system_architecture.md, Duration: 272ms
2026-03-03 04:30:24,268 - Knowledge - INFO - persist search terms embedding for docs/vsi/filesystem/current/file_system_architecture.md
2026-03-03 04:30:24,470 - Knowledge - INFO - process ingested knowledge for /app/data/tevdevice9937/17/b8468m5/rdk-halif-aidl-17/docs/vsi/filesystem/current/file_system_architecture.md
2026-03-03 04:30:24,643 - Knowledge - INFO - Found code-base-name: https://github.com/kavia-common/rdk-halif-aidl-17.git:kavia-develop-6801
2026-03-03 04:30:24,814 - Knowledge - INFO - Found code_base: <app.utils.kg_build.knowledge.KnowledgeCodeBase object at 0x7f4a5462bf90>
2026-03-03 04:30:25,108 - Knowledge - INFO - Found code-base-name: https://github.com/kavia-common/rdk-halif-aidl-17.git:kavia-develop-6801
2026-03-03 04:30:25,274 - Knowledge - INFO - Found code_base: <app.utils.kg_build.knowledge.KnowledgeCodeBase object at 0x7f4a5462bf90>
2026-03-03 04:30:25,448 - Knowledge - INFO - persist ingested knowledge for /app/data/tevdevice9937/17/b8468m5/rdk-halif-aidl-17/sensor/current/com/rdk/hal/sensor/motion/hfp-sensor-motion.yaml
2026-03-03 04:30:25,740 - Knowledge - INFO - [MONGODB_OP] Completed: persist, Collection: file_info, Duration: 100ms
2026-03-03 04:30:26,169 - Knowledge - INFO - [REDIS_OP] Completed: store_embedding, Key: sensor/current/com/rdk/hal/sensor/motion/hfp-sensor-motion.yaml, Duration: 250ms
2026-03-03 04:30:26,324 - Knowledge - INFO - persist search terms embedding for sensor/current/com/rdk/hal/sensor/motion/hfp-sensor-motion.yaml
2026-03-03 04:30:26,504 - Knowledge - INFO - process ingested knowledge for /app/data/tevdevice9937/17/b8468m5/rdk-halif-aidl-17/sensor/current/com/rdk/hal/sensor/motion/hfp-sensor-motion.yaml
2026-03-03 04:30:26,713 - Knowledge - INFO - Found code-base-name: https://github.com/kavia-common/rdk-halif-aidl-17.git:kavia-develop-6801
2026-03-03 04:30:26,900 - Knowledge - INFO - Found code_base: <app.utils.kg_build.knowledge.KnowledgeCodeBase object at 0x7f4a5462bf90>
2026-03-03 04:30:27,188 - Knowledge - INFO - Found code-base-name: https://github.com/kavia-common/rdk-halif-aidl-17.git:kavia-develop-6801
2026-03-03 04:30:27,401 - Knowledge - INFO - Found code_base: <app.utils.kg_build.knowledge.KnowledgeCodeBase object at 0x7f4a5462bf90>
2026-03-03 04:30:27,544 - Knowledge - INFO - persist ingested knowledge for /app/data/tevdevice9937/17/b8468m5/rdk-halif-aidl-17/docs/introduction/interface_generation.md
2026-03-03 04:30:27,815 - Knowledge - INFO - [MONGODB_OP] Completed: persist, Collection: file_info, Duration: 125ms
2026-03-03 04:30:28,256 - Knowledge - INFO - [REDIS_OP] Completed: store_embedding, Key: docs/introduction/interface_generation.md, Duration: 266ms
2026-03-03 04:30:28,465 - Knowledge - INFO - persist search terms embedding for docs/introduction/interface_generation.md
2026-03-03 04:30:28,635 - Knowledge - INFO - process ingested knowledge for /app/data/tevdevice9937/17/b8468m5/rdk-halif-aidl-17/docs/introduction/interface_generation.md
2026-03-03 04:30:28,824 - Knowledge - INFO - Found code-base-name: https://github.com/kavia-common/rdk-halif-aidl-17.git:kavia-develop-6801
2026-03-03 04:30:28,994 - Knowledge - INFO - Found code_base: <app.utils.kg_build.knowledge.KnowledgeCodeBase object at 0x7f4a5462bf90>
2026-03-03 04:30:29,293 - Knowledge - INFO - Found code-base-name: https://github.com/kavia-common/rdk-halif-aidl-17.git:kavia-develop-6801
2026-03-03 04:30:29,457 - Knowledge - INFO - Found code_base: <app.utils.kg_build.knowledge.KnowledgeCodeBase object at 0x7f4a5462bf90>
2026-03-03 04:30:29,634 - Knowledge - INFO - persist ingested knowledge for /app/data/tevdevice9937/17/b8468m5/rdk-halif-aidl-17/sensor/current/com/rdk/hal/sensor/CMakeLists.txt
2026-03-03 04:30:30,034 - Knowledge - INFO - [MONGODB_OP] Completed: persist, Collection: file_info, Duration: 226ms
2026-03-03 04:30:30,650 - Knowledge - INFO - [REDIS_OP] Completed: store_embedding, Key: sensor/current/com/rdk/hal/sensor/CMakeLists.txt, Duration: 426ms
2026-03-03 04:30:30,827 - Knowledge - INFO - persist search terms embedding for sensor/current/com/rdk/hal/sensor/CMakeLists.txt
2026-03-03 04:30:31,021 - Knowledge - INFO - process ingested knowledge for /app/data/tevdevice9937/17/b8468m5/rdk-halif-aidl-17/sensor/current/com/rdk/hal/sensor/CMakeLists.txt
2026-03-03 04:30:31,257 - Knowledge - INFO - Found code-base-name: https://github.com/kavia-common/rdk-halif-aidl-17.git:kavia-develop-6801
2026-03-03 04:30:31,464 - Knowledge - INFO - Found code_base: <app.utils.kg_build.knowledge.KnowledgeCodeBase object at 0x7f4a5462bf90>
2026-03-03 04:30:31,784 - Knowledge - INFO - Found code-base-name: https://github.com/kavia-common/rdk-halif-aidl-17.git:kavia-develop-6801
2026-03-03 04:30:31,976 - Knowledge - INFO - Found code_base: <app.utils.kg_build.knowledge.KnowledgeCodeBase object at 0x7f4a5462bf90>
2026-03-03 04:30:32,176 - Knowledge - INFO - persist ingested knowledge for /app/data/tevdevice9937/17/b8468m5/rdk-halif-aidl-17/docs/vsi/filesystem/current/directory_and_dynamic_linking_specification.md
2026-03-03 04:30:32,536 - Knowledge - INFO - [MONGODB_OP] Completed: persist, Collection: file_info, Duration: 130ms
2026-03-03 04:30:33,333 - Knowledge - INFO - [REDIS_OP] Completed: store_embedding, Key: docs/vsi/filesystem/current/directory_and_dynamic_linking_specification.md, Duration: 593ms
2026-03-03 04:30:33,538 - Knowledge - INFO - persist search terms embedding for docs/vsi/filesystem/current/directory_and_dynamic_linking_specification.md
2026-03-03 04:30:33,977 - Knowledge - INFO - process ingested knowledge for /app/data/tevdevice9937/17/b8468m5/rdk-halif-aidl-17/docs/vsi/filesystem/current/directory_and_dynamic_linking_specification.md
2026-03-03 04:30:34,164 - Knowledge - INFO - Found code-base-name: https://github.com/kavia-common/rdk-halif-aidl-17.git:kavia-develop-6801
2026-03-03 04:30:34,384 - Knowledge - INFO - Found code_base: <app.utils.kg_build.knowledge.KnowledgeCodeBase object at 0x7f4a5462bf90>
2026-03-03 04:30:34,741 - Knowledge - INFO - Found code-base-name: https://github.com/kavia-common/rdk-halif-aidl-17.git:kavia-develop-6801
2026-03-03 04:30:34,913 - Knowledge - INFO - Found code_base: <app.utils.kg_build.knowledge.KnowledgeCodeBase object at 0x7f4a5462bf90>
2026-03-03 04:30:35,099 - Knowledge - INFO - persist ingested knowledge for /app/data/tevdevice9937/17/b8468m5/rdk-halif-aidl-17/docs/whitepapers/client_usage_of_stable_aidl.md
2026-03-03 04:30:35,464 - Knowledge - INFO - [MONGODB_OP] Completed: persist, Collection: file_info, Duration: 179ms
2026-03-03 04:30:36,052 - Knowledge - INFO - [REDIS_OP] Completed: store_embedding, Key: docs/whitepapers/client_usage_of_stable_aidl.md, Duration: 416ms
2026-03-03 04:30:36,233 - Knowledge - INFO - persist search terms embedding for docs/whitepapers/client_usage_of_stable_aidl.md
2026-03-03 04:30:36,431 - Knowledge - INFO - process ingested knowledge for /app/data/tevdevice9937/17/b8468m5/rdk-halif-aidl-17/docs/whitepapers/client_usage_of_stable_aidl.md
2026-03-03 04:30:36,608 - Knowledge - INFO - Found code-base-name: https://github.com/kavia-common/rdk-halif-aidl-17.git:kavia-develop-6801
2026-03-03 04:30:36,814 - Knowledge - INFO - Found code_base: <app.utils.kg_build.knowledge.KnowledgeCodeBase object at 0x7f4a5462bf90>
2026-03-03 04:30:37,101 - Knowledge - INFO - Found code-base-name: https://github.com/kavia-common/rdk-halif-aidl-17.git:kavia-develop-6801
2026-03-03 04:30:37,289 - Knowledge - INFO - Found code_base: <app.utils.kg_build.knowledge.KnowledgeCodeBase object at 0x7f4a5462bf90>
2026-03-03 04:30:37,452 - Knowledge - INFO - persist ingested knowledge for /app/data/tevdevice9937/17/b8468m5/rdk-halif-aidl-17/hdmicec/current/CMakeLists.txt
2026-03-03 04:30:37,814 - Knowledge - INFO - [MONGODB_OP] Completed: persist, Collection: file_info, Duration: 155ms
2026-03-03 04:30:38,395 - Knowledge - INFO - [REDIS_OP] Completed: store_embedding, Key: hdmicec/current/CMakeLists.txt, Duration: 348ms
2026-03-03 04:30:38,606 - Knowledge - INFO - persist search terms embedding for hdmicec/current/CMakeLists.txt
2026-03-03 04:30:38,838 - Knowledge - INFO - process ingested knowledge for /app/data/tevdevice9937/17/b8468m5/rdk-halif-aidl-17/hdmicec/current/CMakeLists.txt
2026-03-03 04:30:39,035 - Knowledge - INFO - Found code-base-name: https://github.com/kavia-common/rdk-halif-aidl-17.git:kavia-develop-6801
2026-03-03 04:30:39,222 - Knowledge - INFO - Found code_base: <app.utils.kg_build.knowledge.KnowledgeCodeBase object at 0x7f4a5462bf90>
2026-03-03 04:30:39,508 - Knowledge - INFO - Found code-base-name: https://github.com/kavia-common/rdk-halif-aidl-17.git:kavia-develop-6801
2026-03-03 04:30:39,729 - Knowledge - INFO - Found code_base: <app.utils.kg_build.knowledge.KnowledgeCodeBase object at 0x7f4a5462bf90>
2026-03-03 04:30:39,918 - Knowledge - INFO - persist ingested knowledge for /app/data/tevdevice9937/17/b8468m5/rdk-halif-aidl-17/docs/scripts/sync_src.sh
2026-03-03 04:30:40,210 - Knowledge - INFO - [MONGODB_OP] Completed: persist, Collection: file_info, Duration: 108ms
2026-03-03 04:30:40,748 - Knowledge - INFO - [REDIS_OP] Completed: store_embedding, Key: docs/scripts/sync_src.sh, Duration: 298ms
2026-03-03 04:30:40,912 - Knowledge - INFO - persist search terms embedding for docs/scripts/sync_src.sh
2026-03-03 04:30:41,159 - Knowledge - INFO - process ingested knowledge for /app/data/tevdevice9937/17/b8468m5/rdk-halif-aidl-17/docs/scripts/sync_src.sh
2026-03-03 04:30:41,362 - Knowledge - INFO - Found code-base-name: https://github.com/kavia-common/rdk-halif-aidl-17.git:kavia-develop-6801
2026-03-03 04:30:41,519 - Knowledge - INFO - Found code_base: <app.utils.kg_build.knowledge.KnowledgeCodeBase object at 0x7f4a5462bf90>
2026-03-03 04:30:41,840 - Knowledge - INFO - Found code-base-name: https://github.com/kavia-common/rdk-halif-aidl-17.git:kavia-develop-6801
2026-03-03 04:30:42,070 - Knowledge - INFO - Found code_base: <app.utils.kg_build.knowledge.KnowledgeCodeBase object at 0x7f4a5462bf90>
2026-03-03 04:30:42,256 - Knowledge - INFO - persist ingested knowledge for /app/data/tevdevice9937/17/b8468m5/rdk-halif-aidl-17/videodecoder/current/CMakeLists.txt
2026-03-03 04:30:42,578 - Knowledge - INFO - [MONGODB_OP] Completed: persist, Collection: file_info, Duration: 119ms
2026-03-03 04:30:42,988 - Knowledge - INFO - [REDIS_OP] Completed: store_embedding, Key: videodecoder/current/CMakeLists.txt, Duration: 221ms
2026-03-03 04:30:43,184 - Knowledge - INFO - persist search terms embedding for videodecoder/current/CMakeLists.txt
2026-03-03 04:30:43,377 - Knowledge - INFO - process ingested knowledge for /app/data/tevdevice9937/17/b8468m5/rdk-halif-aidl-17/videodecoder/current/CMakeLists.txt
2026-03-03 04:30:43,557 - Knowledge - INFO - Found code-base-name: https://github.com/kavia-common/rdk-halif-aidl-17.git:kavia-develop-6801
2026-03-03 04:30:43,702 - Knowledge - INFO - Found code_base: <app.utils.kg_build.knowledge.KnowledgeCodeBase object at 0x7f4a5462bf90>
2026-03-03 04:30:43,947 - Knowledge - INFO - Found code-base-name: https://github.com/kavia-common/rdk-halif-aidl-17.git:kavia-develop-6801
2026-03-03 04:30:44,152 - Knowledge - INFO - Found code_base: <app.utils.kg_build.knowledge.KnowledgeCodeBase object at 0x7f4a5462bf90>
2026-03-03 04:30:44,320 - Knowledge - INFO - persist ingested knowledge for /app/data/tevdevice9937/17/b8468m5/rdk-halif-aidl-17/indicator/current/CMakeLists.txt
2026-03-03 04:30:44,627 - Knowledge - INFO - [MONGODB_OP] Completed: persist, Collection: file_info, Duration: 120ms
2026-03-03 04:30:45,124 - Knowledge - INFO - [REDIS_OP] Completed: store_embedding, Key: indicator/current/CMakeLists.txt, Duration: 305ms
2026-03-03 04:30:45,306 - Knowledge - INFO - persist search terms embedding for indicator/current/CMakeLists.txt
2026-03-03 04:30:45,476 - Knowledge - INFO - process ingested knowledge for /app/data/tevdevice9937/17/b8468m5/rdk-halif-aidl-17/indicator/current/CMakeLists.txt
2026-03-03 04:30:45,684 - Knowledge - INFO - Found code-base-name: https://github.com/kavia-common/rdk-halif-aidl-17.git:kavia-develop-6801
2026-03-03 04:30:45,848 - Knowledge - INFO - Found code_base: <app.utils.kg_build.knowledge.KnowledgeCodeBase object at 0x7f4a5462bf90>
2026-03-03 04:30:46,135 - Knowledge - INFO - Found code-base-name: https://github.com/kavia-common/rdk-halif-aidl-17.git:kavia-develop-6801
2026-03-03 04:30:46,304 - Knowledge - INFO - Found code_base: <app.utils.kg_build.knowledge.KnowledgeCodeBase object at 0x7f4a5462bf90>
2026-03-03 04:30:46,455 - Knowledge - INFO - persist ingested knowledge for /app/data/tevdevice9937/17/b8468m5/rdk-halif-aidl-17/docs/halif/key_concepts/hal/hal_interfaces.md
2026-03-03 04:30:46,826 - Knowledge - INFO - [MONGODB_OP] Completed: persist, Collection: file_info, Duration: 180ms
2026-03-03 04:30:47,348 - Knowledge - INFO - [REDIS_OP] Completed: store_embedding, Key: docs/halif/key_concepts/hal/hal_interfaces.md, Duration: 306ms
2026-03-03 04:30:47,560 - Knowledge - INFO - persist search terms embedding for docs/halif/key_concepts/hal/hal_interfaces.md
2026-03-03 04:30:47,756 - Knowledge - INFO - process ingested knowledge for /app/data/tevdevice9937/17/b8468m5/rdk-halif-aidl-17/docs/halif/key_concepts/hal/hal_interfaces.md
2026-03-03 04:30:47,979 - Knowledge - INFO - Found code-base-name: https://github.com/kavia-common/rdk-halif-aidl-17.git:kavia-develop-6801
2026-03-03 04:30:48,167 - Knowledge - INFO - Found code_base: <app.utils.kg_build.knowledge.KnowledgeCodeBase object at 0x7f4a5462bf90>
2026-03-03 04:30:48,463 - Knowledge - INFO - Found code-base-name: https://github.com/kavia-common/rdk-halif-aidl-17.git:kavia-develop-6801
2026-03-03 04:30:48,628 - Knowledge - INFO - Found code_base: <app.utils.kg_build.knowledge.KnowledgeCodeBase object at 0x7f4a5462bf90>
2026-03-03 04:30:48,821 - Knowledge - INFO - persist ingested knowledge for /app/data/tevdevice9937/17/b8468m5/rdk-halif-aidl-17/docs/version.txt
2026-03-03 04:30:49,110 - Knowledge - INFO - [MONGODB_OP] Completed: persist, Collection: file_info, Duration: 127ms
2026-03-03 04:30:49,615 - Knowledge - INFO - [REDIS_OP] Completed: store_embedding, Key: docs/version.txt, Duration: 293ms
2026-03-03 04:30:49,786 - Knowledge - INFO - persist search terms embedding for docs/version.txt
2026-03-03 04:30:49,949 - Knowledge - INFO - process ingested knowledge for /app/data/tevdevice9937/17/b8468m5/rdk-halif-aidl-17/docs/version.txt
2026-03-03 04:30:50,199 - Knowledge - INFO - Found code-base-name: https://github.com/kavia-common/rdk-halif-aidl-17.git:kavia-develop-6801
2026-03-03 04:30:50,372 - Knowledge - INFO - Found code_base: <app.utils.kg_build.knowledge.KnowledgeCodeBase object at 0x7f4a5462bf90>
2026-03-03 04:30:50,726 - Knowledge - INFO - Found code-base-name: https://github.com/kavia-common/rdk-halif-aidl-17.git:kavia-develop-6801
2026-03-03 04:30:50,936 - Knowledge - INFO - Found code_base: <app.utils.kg_build.knowledge.KnowledgeCodeBase object at 0x7f4a5462bf90>
2026-03-03 04:30:51,111 - Knowledge - INFO - persist ingested knowledge for /app/data/tevdevice9937/17/b8468m5/rdk-halif-aidl-17/cdm/hal_utils/hal_logger.cpp
2026-03-03 04:30:51,402 - Knowledge - INFO - [MONGODB_OP] Completed: persist, Collection: file_info, Duration: 126ms
2026-03-03 04:30:51,811 - Knowledge - INFO - [REDIS_OP] Completed: store_embedding, Key: cdm/hal_utils/hal_logger.cpp, Duration: 232ms
2026-03-03 04:30:52,026 - Knowledge - INFO - persist search terms embedding for cdm/hal_utils/hal_logger.cpp
2026-03-03 04:30:52,246 - Knowledge - INFO - process ingested knowledge for /app/data/tevdevice9937/17/b8468m5/rdk-halif-aidl-17/cdm/hal_utils/hal_logger.cpp
2026-03-03 04:30:52,428 - Knowledge - INFO - Found code-base-name: https://github.com/kavia-common/rdk-halif-aidl-17.git:kavia-develop-6801
2026-03-03 04:30:52,660 - Knowledge - INFO - Found code_base: <app.utils.kg_build.knowledge.KnowledgeCodeBase object at 0x7f4a5462bf90>
2026-03-03 04:30:52,925 - Knowledge - INFO - Found code-base-name: https://github.com/kavia-common/rdk-halif-aidl-17.git:kavia-develop-6801
2026-03-03 04:30:53,129 - Knowledge - INFO - Found code_base: <app.utils.kg_build.knowledge.KnowledgeCodeBase object at 0x7f4a5462bf90>
2026-03-03 04:30:53,360 - Knowledge - INFO - persist ingested knowledge for /app/data/tevdevice9937/17/b8468m5/rdk-halif-aidl-17/compositeinput/current/CMakeLists.txt
2026-03-03 04:30:53,682 - Knowledge - INFO - [MONGODB_OP] Completed: persist, Collection: file_info, Duration: 142ms
2026-03-03 04:30:54,074 - Knowledge - INFO - [REDIS_OP] Completed: store_embedding, Key: compositeinput/current/CMakeLists.txt, Duration: 239ms
2026-03-03 04:30:54,259 - Knowledge - INFO - persist search terms embedding for compositeinput/current/CMakeLists.txt
2026-03-03 04:30:54,474 - Knowledge - INFO - process ingested knowledge for /app/data/tevdevice9937/17/b8468m5/rdk-halif-aidl-17/compositeinput/current/CMakeLists.txt
2026-03-03 04:30:54,657 - Knowledge - INFO - Found code-base-name: https://github.com/kavia-common/rdk-halif-aidl-17.git:kavia-develop-6801
2026-03-03 04:30:54,872 - Knowledge - INFO - Found code_base: <app.utils.kg_build.knowledge.KnowledgeCodeBase object at 0x7f4a5462bf90>
2026-03-03 04:30:55,161 - Knowledge - INFO - Found code-base-name: https://github.com/kavia-common/rdk-halif-aidl-17.git:kavia-develop-6801
2026-03-03 04:30:55,392 - Knowledge - INFO - Found code_base: <app.utils.kg_build.knowledge.KnowledgeCodeBase object at 0x7f4a5462bf90>
2026-03-03 04:30:55,593 - Knowledge - INFO - persist ingested knowledge for /app/data/tevdevice9937/17/b8468m5/rdk-halif-aidl-17/hdmioutput/current/CMakeLists.txt
2026-03-03 04:30:55,923 - Knowledge - INFO - [MONGODB_OP] Completed: persist, Collection: file_info, Duration: 158ms
2026-03-03 04:30:56,331 - Knowledge - INFO - [REDIS_OP] Completed: store_embedding, Key: hdmioutput/current/CMakeLists.txt, Duration: 225ms
2026-03-03 04:30:56,542 - Knowledge - INFO - persist search terms embedding for hdmioutput/current/CMakeLists.txt
2026-03-03 04:30:56,727 - Knowledge - INFO - process ingested knowledge for /app/data/tevdevice9937/17/b8468m5/rdk-halif-aidl-17/hdmioutput/current/CMakeLists.txt
2026-03-03 04:30:56,914 - Knowledge - INFO - Found code-base-name: https://github.com/kavia-common/rdk-halif-aidl-17.git:kavia-develop-6801
2026-03-03 04:30:57,140 - Knowledge - INFO - Found code_base: <app.utils.kg_build.knowledge.KnowledgeCodeBase object at 0x7f4a5462bf90>
2026-03-03 04:30:57,420 - Knowledge - INFO - Found code-base-name: https://github.com/kavia-common/rdk-halif-aidl-17.git:kavia-develop-6801
2026-03-03 04:30:57,624 - Knowledge - INFO - Found code_base: <app.utils.kg_build.knowledge.KnowledgeCodeBase object at 0x7f4a5462bf90>
2026-03-03 04:30:57,824 - Knowledge - INFO - persist ingested knowledge for /app/data/tevdevice9937/17/b8468m5/rdk-halif-aidl-17/broadcast/current/CMakeLists.txt
2026-03-03 04:30:58,146 - Knowledge - INFO - [MONGODB_OP] Completed: persist, Collection: file_info, Duration: 99ms
2026-03-03 04:30:58,576 - Knowledge - INFO - [REDIS_OP] Completed: store_embedding, Key: broadcast/current/CMakeLists.txt, Duration: 258ms
2026-03-03 04:30:58,737 - Knowledge - INFO - persist search terms embedding for broadcast/current/CMakeLists.txt
2026-03-03 04:30:58,937 - Knowledge - INFO - process ingested knowledge for /app/data/tevdevice9937/17/b8468m5/rdk-halif-aidl-17/broadcast/current/CMakeLists.txt
2026-03-03 04:30:59,103 - Knowledge - INFO - Found code-base-name: https://github.com/kavia-common/rdk-halif-aidl-17.git:kavia-develop-6801
2026-03-03 04:30:59,267 - Knowledge - INFO - Found code_base: <app.utils.kg_build.knowledge.KnowledgeCodeBase object at 0x7f4a5462bf90>
2026-03-03 04:30:59,519 - Knowledge - INFO - Found code-base-name: https://github.com/kavia-common/rdk-halif-aidl-17.git:kavia-develop-6801
2026-03-03 04:30:59,708 - Knowledge - INFO - Found code_base: <app.utils.kg_build.knowledge.KnowledgeCodeBase object at 0x7f4a5462bf90>
2026-03-03 04:30:59,883 - Knowledge - INFO - persist ingested knowledge for /app/data/tevdevice9937/17/b8468m5/rdk-halif-aidl-17/cdm/hal_utils/hal_utils.h
2026-03-03 04:31:00,191 - Knowledge - INFO - [MONGODB_OP] Completed: persist, Collection: file_info, Duration: 138ms
2026-03-03 04:31:00,681 - Knowledge - INFO - [REDIS_OP] Completed: store_embedding, Key: cdm/hal_utils/hal_utils.h, Duration: 283ms
2026-03-03 04:31:00,882 - Knowledge - INFO - persist search terms embedding for cdm/hal_utils/hal_utils.h
2026-03-03 04:31:01,072 - Knowledge - INFO - process ingested knowledge for /app/data/tevdevice9937/17/b8468m5/rdk-halif-aidl-17/cdm/hal_utils/hal_utils.h
2026-03-03 04:31:01,281 - Knowledge - INFO - Found code-base-name: https://github.com/kavia-common/rdk-halif-aidl-17.git:kavia-develop-6801
2026-03-03 04:31:01,475 - Knowledge - INFO - Found code_base: <app.utils.kg_build.knowledge.KnowledgeCodeBase object at 0x7f4a5462bf90>
2026-03-03 04:31:01,845 - Knowledge - INFO - Found code-base-name: https://github.com/kavia-common/rdk-halif-aidl-17.git:kavia-develop-6801
2026-03-03 04:31:02,035 - Knowledge - INFO - Found code_base: <app.utils.kg_build.knowledge.KnowledgeCodeBase object at 0x7f4a5462bf90>
2026-03-03 04:31:02,177 - Knowledge - INFO - persist ingested knowledge for /app/data/tevdevice9937/17/b8468m5/rdk-halif-aidl-17/docs/standards/git_flow_branching_strategy.md
2026-03-03 04:31:02,552 - Knowledge - INFO - [MONGODB_OP] Completed: persist, Collection: file_info, Duration: 160ms
2026-03-03 04:31:03,073 - Knowledge - INFO - [REDIS_OP] Completed: store_embedding, Key: docs/standards/git_flow_branching_strategy.md, Duration: 281ms
2026-03-03 04:31:03,258 - Knowledge - INFO - persist search terms embedding for docs/standards/git_flow_branching_strategy.md
2026-03-03 04:31:03,416 - Knowledge - INFO - process ingested knowledge for /app/data/tevdevice9937/17/b8468m5/rdk-halif-aidl-17/docs/standards/git_flow_branching_strategy.md
2026-03-03 04:31:03,623 - Knowledge - INFO - Found code-base-name: https://github.com/kavia-common/rdk-halif-aidl-17.git:kavia-develop-6801
2026-03-03 04:31:03,799 - Knowledge - INFO - Found code_base: <app.utils.kg_build.knowledge.KnowledgeCodeBase object at 0x7f4a5462bf90>
2026-03-03 04:31:04,098 - Knowledge - INFO - Found code-base-name: https://github.com/kavia-common/rdk-halif-aidl-17.git:kavia-develop-6801
2026-03-03 04:31:04,267 - Knowledge - INFO - Found code_base: <app.utils.kg_build.knowledge.KnowledgeCodeBase object at 0x7f4a5462bf90>
2026-03-03 04:31:04,431 - Knowledge - INFO - persist ingested knowledge for /app/data/tevdevice9937/17/b8468m5/rdk-halif-aidl-17/sensor/current/com/rdk/hal/sensor/thermal/hfp-sensor-thermal.yaml
2026-03-03 04:31:04,716 - Knowledge - INFO - [MONGODB_OP] Completed: persist, Collection: file_info, Duration: 120ms
2026-03-03 04:31:05,188 - Knowledge - INFO - [REDIS_OP] Completed: store_embedding, Key: sensor/current/com/rdk/hal/sensor/thermal/hfp-sensor-thermal.yaml, Duration: 298ms
2026-03-03 04:31:05,345 - Knowledge - INFO - persist search terms embedding for sensor/current/com/rdk/hal/sensor/thermal/hfp-sensor-thermal.yaml
2026-03-03 04:31:05,617 - Knowledge - INFO - process ingested knowledge for /app/data/tevdevice9937/17/b8468m5/rdk-halif-aidl-17/sensor/current/com/rdk/hal/sensor/thermal/hfp-sensor-thermal.yaml
2026-03-03 04:31:05,805 - Knowledge - INFO - Found code-base-name: https://github.com/kavia-common/rdk-halif-aidl-17.git:kavia-develop-6801
2026-03-03 04:31:06,027 - Knowledge - INFO - Found code_base: <app.utils.kg_build.knowledge.KnowledgeCodeBase object at 0x7f4a5462bf90>
2026-03-03 04:31:06,373 - Knowledge - INFO - Found code-base-name: https://github.com/kavia-common/rdk-halif-aidl-17.git:kavia-develop-6801
2026-03-03 04:31:06,603 - Knowledge - INFO - Found code_base: <app.utils.kg_build.knowledge.KnowledgeCodeBase object at 0x7f4a5462bf90>
2026-03-03 04:31:06,806 - Knowledge - INFO - persist ingested knowledge for /app/data/tevdevice9937/17/b8468m5/rdk-halif-aidl-17/docs/whitepapers/engineering_goals.md
2026-03-03 04:31:07,107 - Knowledge - INFO - [MONGODB_OP] Completed: persist, Collection: file_info, Duration: 122ms
2026-03-03 04:31:07,524 - Knowledge - INFO - [REDIS_OP] Completed: store_embedding, Key: docs/whitepapers/engineering_goals.md, Duration: 252ms
2026-03-03 04:31:07,728 - Knowledge - INFO - persist search terms embedding for docs/whitepapers/engineering_goals.md
2026-03-03 04:31:07,899 - Knowledge - INFO - process ingested knowledge for /app/data/tevdevice9937/17/b8468m5/rdk-halif-aidl-17/docs/whitepapers/engineering_goals.md
2026-03-03 04:31:08,096 - Knowledge - INFO - Found code-base-name: https://github.com/kavia-common/rdk-halif-aidl-17.git:kavia-develop-6801
2026-03-03 04:31:08,278 - Knowledge - INFO - Found code_base: <app.utils.kg_build.knowledge.KnowledgeCodeBase object at 0x7f4a5462bf90>
2026-03-03 04:31:08,574 - Knowledge - INFO - Found code-base-name: https://github.com/kavia-common/rdk-halif-aidl-17.git:kavia-develop-6801
2026-03-03 04:31:08,760 - Knowledge - INFO - Found code_base: <app.utils.kg_build.knowledge.KnowledgeCodeBase object at 0x7f4a5462bf90>
2026-03-03 04:31:08,942 - Knowledge - INFO - persist ingested knowledge for /app/data/tevdevice9937/17/b8468m5/rdk-halif-aidl-17/avclock/current/CMakeLists.txt
2026-03-03 04:31:09,320 - Knowledge - INFO - [MONGODB_OP] Completed: persist, Collection: file_info, Duration: 168ms
2026-03-03 04:31:09,767 - Knowledge - INFO - [REDIS_OP] Completed: store_embedding, Key: avclock/current/CMakeLists.txt, Duration: 276ms
2026-03-03 04:31:09,931 - Knowledge - INFO - persist search terms embedding for avclock/current/CMakeLists.txt
2026-03-03 04:31:10,107 - Knowledge - INFO - process ingested knowledge for /app/data/tevdevice9937/17/b8468m5/rdk-halif-aidl-17/avclock/current/CMakeLists.txt
2026-03-03 04:31:10,290 - Knowledge - INFO - Found code-base-name: https://github.com/kavia-common/rdk-halif-aidl-17.git:kavia-develop-6801
2026-03-03 04:31:10,483 - Knowledge - INFO - Found code_base: <app.utils.kg_build.knowledge.KnowledgeCodeBase object at 0x7f4a5462bf90>
2026-03-03 04:31:10,770 - Knowledge - INFO - Found code-base-name: https://github.com/kavia-common/rdk-halif-aidl-17.git:kavia-develop-6801
2026-03-03 04:31:10,969 - Knowledge - INFO - Found code_base: <app.utils.kg_build.knowledge.KnowledgeCodeBase object at 0x7f4a5462bf90>
2026-03-03 04:31:11,204 - Knowledge - INFO - persist ingested knowledge for /app/data/tevdevice9937/17/b8468m5/rdk-halif-aidl-17/cdm/drm_playready_hal/module.cpp
2026-03-03 04:31:11,540 - Knowledge - INFO - [MONGODB_OP] Completed: persist, Collection: file_info, Duration: 171ms
2026-03-03 04:31:12,018 - Knowledge - INFO - [REDIS_OP] Completed: store_embedding, Key: cdm/drm_playready_hal/module.cpp, Duration: 276ms
2026-03-03 04:31:12,209 - Knowledge - INFO - persist search terms embedding for cdm/drm_playready_hal/module.cpp
2026-03-03 04:31:12,436 - Knowledge - INFO - process ingested knowledge for /app/data/tevdevice9937/17/b8468m5/rdk-halif-aidl-17/cdm/drm_playready_hal/module.cpp
2026-03-03 04:31:12,622 - Knowledge - INFO - Found code-base-name: https://github.com/kavia-common/rdk-halif-aidl-17.git:kavia-develop-6801
2026-03-03 04:31:12,811 - Knowledge - INFO - Found code_base: <app.utils.kg_build.knowledge.KnowledgeCodeBase object at 0x7f4a5462bf90>
2026-03-03 04:31:13,121 - Knowledge - INFO - Found code-base-name: https://github.com/kavia-common/rdk-halif-aidl-17.git:kavia-develop-6801
2026-03-03 04:31:13,310 - Knowledge - INFO - Found code_base: <app.utils.kg_build.knowledge.KnowledgeCodeBase object at 0x7f4a5462bf90>
2026-03-03 04:31:13,494 - Knowledge - INFO - persist ingested knowledge for /app/data/tevdevice9937/17/b8468m5/rdk-halif-aidl-17/docs/requirements.txt
2026-03-03 04:31:13,848 - Knowledge - INFO - [MONGODB_OP] Completed: persist, Collection: file_info, Duration: 132ms
2026-03-03 04:31:14,279 - Knowledge - INFO - [REDIS_OP] Completed: store_embedding, Key: docs/requirements.txt, Duration: 249ms
2026-03-03 04:31:14,513 - Knowledge - INFO - persist search terms embedding for docs/requirements.txt
2026-03-03 04:31:14,678 - Knowledge - INFO - process ingested knowledge for /app/data/tevdevice9937/17/b8468m5/rdk-halif-aidl-17/docs/requirements.txt
2026-03-03 04:31:14,855 - Knowledge - INFO - Found code-base-name: https://github.com/kavia-common/rdk-halif-aidl-17.git:kavia-develop-6801
2026-03-03 04:31:15,045 - Knowledge - INFO - Found code_base: <app.utils.kg_build.knowledge.KnowledgeCodeBase object at 0x7f4a5462bf90>
2026-03-03 04:31:15,361 - Knowledge - INFO - Found code-base-name: https://github.com/kavia-common/rdk-halif-aidl-17.git:kavia-develop-6801
2026-03-03 04:31:15,576 - Knowledge - INFO - Found code_base: <app.utils.kg_build.knowledge.KnowledgeCodeBase object at 0x7f4a5462bf90>
2026-03-03 04:31:15,769 - Knowledge - INFO - persist ingested knowledge for /app/data/tevdevice9937/17/b8468m5/rdk-halif-aidl-17/cdm/drm_widevine_hal/drm_widevine_platform.h
2026-03-03 04:31:16,058 - Knowledge - INFO - [MONGODB_OP] Completed: persist, Collection: file_info, Duration: 129ms
2026-03-03 04:31:16,480 - Knowledge - INFO - [REDIS_OP] Completed: store_embedding, Key: cdm/drm_widevine_hal/drm_widevine_platform.h, Duration: 257ms
2026-03-03 04:31:16,643 - Knowledge - INFO - persist search terms embedding for cdm/drm_widevine_hal/drm_widevine_platform.h
2026-03-03 04:31:16,828 - Knowledge - INFO - process ingested knowledge for /app/data/tevdevice9937/17/b8468m5/rdk-halif-aidl-17/cdm/drm_widevine_hal/drm_widevine_platform.h
2026-03-03 04:31:17,059 - Knowledge - INFO - Found code-base-name: https://github.com/kavia-common/rdk-halif-aidl-17.git:kavia-develop-6801
2026-03-03 04:31:17,246 - Knowledge - INFO - Found code_base: <app.utils.kg_build.knowledge.KnowledgeCodeBase object at 0x7f4a5462bf90>
2026-03-03 04:31:17,529 - Knowledge - INFO - Found code-base-name: https://github.com/kavia-common/rdk-halif-aidl-17.git:kavia-develop-6801
2026-03-03 04:31:17,725 - Knowledge - INFO - Found code_base: <app.utils.kg_build.knowledge.KnowledgeCodeBase object at 0x7f4a5462bf90>
2026-03-03 04:31:17,918 - Knowledge - INFO - persist ingested knowledge for /app/data/tevdevice9937/17/b8468m5/rdk-halif-aidl-17/cdm/drm_widevine_hal/module.cpp
2026-03-03 04:31:18,269 - Knowledge - INFO - [MONGODB_OP] Completed: persist, Collection: file_info, Duration: 128ms
2026-03-03 04:31:18,715 - Knowledge - INFO - [REDIS_OP] Completed: store_embedding, Key: cdm/drm_widevine_hal/module.cpp, Duration: 295ms
2026-03-03 04:31:18,871 - Knowledge - INFO - persist search terms embedding for cdm/drm_widevine_hal/module.cpp
2026-03-03 04:31:19,063 - Knowledge - INFO - process ingested knowledge for /app/data/tevdevice9937/17/b8468m5/rdk-halif-aidl-17/cdm/drm_widevine_hal/module.cpp
2026-03-03 04:31:19,273 - Knowledge - INFO - Found code-base-name: https://github.com/kavia-common/rdk-halif-aidl-17.git:kavia-develop-6801
2026-03-03 04:31:19,482 - Knowledge - INFO - Found code_base: <app.utils.kg_build.knowledge.KnowledgeCodeBase object at 0x7f4a5462bf90>
2026-03-03 04:31:19,794 - Knowledge - INFO - Found code-base-name: https://github.com/kavia-common/rdk-halif-aidl-17.git:kavia-develop-6801
2026-03-03 04:31:19,988 - Knowledge - INFO - Found code_base: <app.utils.kg_build.knowledge.KnowledgeCodeBase object at 0x7f4a5462bf90>
2026-03-03 04:31:20,176 - Knowledge - INFO - persist ingested knowledge for /app/data/tevdevice9937/17/b8468m5/rdk-halif-aidl-17/cdm/drm_playready_hal/drm_playready_platform.h
2026-03-03 04:31:20,458 - Knowledge - INFO - [MONGODB_OP] Completed: persist, Collection: file_info, Duration: 113ms
2026-03-03 04:31:20,913 - Knowledge - INFO - [REDIS_OP] Completed: store_embedding, Key: cdm/drm_playready_hal/drm_playready_platform.h, Duration: 256ms
2026-03-03 04:31:21,077 - Knowledge - INFO - persist search terms embedding for cdm/drm_playready_hal/drm_playready_platform.h
2026-03-03 04:31:21,270 - Knowledge - INFO - process ingested knowledge for /app/data/tevdevice9937/17/b8468m5/rdk-halif-aidl-17/cdm/drm_playready_hal/drm_playready_platform.h
2026-03-03 04:31:21,505 - Knowledge - INFO - Found code-base-name: https://github.com/kavia-common/rdk-halif-aidl-17.git:kavia-develop-6801
2026-03-03 04:31:21,689 - Knowledge - INFO - Found code_base: <app.utils.kg_build.knowledge.KnowledgeCodeBase object at 0x7f4a5462bf90>
2026-03-03 04:31:21,948 - Knowledge - INFO - Found code-base-name: https://github.com/kavia-common/rdk-halif-aidl-17.git:kavia-develop-6801
2026-03-03 04:31:22,160 - Knowledge - INFO - Found code_base: <app.utils.kg_build.knowledge.KnowledgeCodeBase object at 0x7f4a5462bf90>
2026-03-03 04:31:22,343 - Knowledge - INFO - persist ingested knowledge for /app/data/tevdevice9937/17/b8468m5/rdk-halif-aidl-17/docs/governance/rdk-engineering-validation-framework.md
2026-03-03 04:31:22,617 - Knowledge - INFO - [MONGODB_OP] Completed: persist, Collection: file_info, Duration: 104ms
2026-03-03 04:31:23,061 - Knowledge - INFO - [REDIS_OP] Completed: store_embedding, Key: docs/governance/rdk-engineering-validation-framework.md, Duration: 247ms
2026-03-03 04:31:23,237 - Knowledge - INFO - persist search terms embedding for docs/governance/rdk-engineering-validation-framework.md
2026-03-03 04:31:23,443 - Knowledge - INFO - process ingested knowledge for /app/data/tevdevice9937/17/b8468m5/rdk-halif-aidl-17/docs/governance/rdk-engineering-validation-framework.md
2026-03-03 04:31:23,637 - Knowledge - INFO - Found code-base-name: https://github.com/kavia-common/rdk-halif-aidl-17.git:kavia-develop-6801
2026-03-03 04:31:23,830 - Knowledge - INFO - Found code_base: <app.utils.kg_build.knowledge.KnowledgeCodeBase object at 0x7f4a5462bf90>
2026-03-03 04:31:24,085 - Knowledge - INFO - Found code-base-name: https://github.com/kavia-common/rdk-halif-aidl-17.git:kavia-develop-6801
2026-03-03 04:31:24,277 - Knowledge - INFO - Found code_base: <app.utils.kg_build.knowledge.KnowledgeCodeBase object at 0x7f4a5462bf90>
2026-03-03 04:31:24,476 - Knowledge - INFO - persist ingested knowledge for /app/data/tevdevice9937/17/b8468m5/rdk-halif-aidl-17/docs/references/references.md
2026-03-03 04:31:24,768 - Knowledge - INFO - [MONGODB_OP] Completed: persist, Collection: file_info, Duration: 111ms
2026-03-03 04:31:25,264 - Knowledge - INFO - [REDIS_OP] Completed: store_embedding, Key: docs/references/references.md, Duration: 274ms
2026-03-03 04:31:25,460 - Knowledge - INFO - persist search terms embedding for docs/references/references.md
2026-03-03 04:31:25,656 - Knowledge - INFO - process ingested knowledge for /app/data/tevdevice9937/17/b8468m5/rdk-halif-aidl-17/docs/references/references.md
2026-03-03 04:31:25,830 - Knowledge - INFO - Found code-base-name: https://github.com/kavia-common/rdk-halif-aidl-17.git:kavia-develop-6801
2026-03-03 04:31:25,978 - Knowledge - INFO - Found code_base: <app.utils.kg_build.knowledge.KnowledgeCodeBase object at 0x7f4a5462bf90>
2026-03-03 04:31:26,288 - Knowledge - INFO - Found code-base-name: https://github.com/kavia-common/rdk-halif-aidl-17.git:kavia-develop-6801
2026-03-03 04:31:26,490 - Knowledge - INFO - Found code_base: <app.utils.kg_build.knowledge.KnowledgeCodeBase object at 0x7f4a5462bf90>
2026-03-03 04:31:26,688 - Knowledge - INFO - persist ingested knowledge for /app/data/tevdevice9937/17/b8468m5/rdk-halif-aidl-17/docs/whitepapers/standardizing_git_commit_messages.md
2026-03-03 04:31:26,982 - Knowledge - INFO - [MONGODB_OP] Completed: persist, Collection: file_info, Duration: 118ms
2026-03-03 04:31:27,415 - Knowledge - INFO - [REDIS_OP] Completed: store_embedding, Key: docs/whitepapers/standardizing_git_commit_messages.md, Duration: 254ms
2026-03-03 04:31:27,554 - Knowledge - INFO - persist search terms embedding for docs/whitepapers/standardizing_git_commit_messages.md
2026-03-03 04:31:27,707 - Knowledge - INFO - process ingested knowledge for /app/data/tevdevice9937/17/b8468m5/rdk-halif-aidl-17/docs/whitepapers/standardizing_git_commit_messages.md
2026-03-03 04:31:27,883 - Knowledge - INFO - Found code-base-name: https://github.com/kavia-common/rdk-halif-aidl-17.git:kavia-develop-6801
2026-03-03 04:31:28,075 - Knowledge - INFO - Found code_base: <app.utils.kg_build.knowledge.KnowledgeCodeBase object at 0x7f4a5462bf90>
2026-03-03 04:31:28,422 - Knowledge - INFO - Found code-base-name: https://github.com/kavia-common/rdk-halif-aidl-17.git:kavia-develop-6801
2026-03-03 04:31:28,641 - Knowledge - INFO - Found code_base: <app.utils.kg_build.knowledge.KnowledgeCodeBase object at 0x7f4a5462bf90>
2026-03-03 04:31:28,824 - Knowledge - INFO - persist ingested knowledge for /app/data/tevdevice9937/17/b8468m5/rdk-halif-aidl-17/audiosink/current/CMakeLists.txt
2026-03-03 04:31:29,129 - Knowledge - INFO - [MONGODB_OP] Completed: persist, Collection: file_info, Duration: 122ms
2026-03-03 04:31:29,573 - Knowledge - INFO - [REDIS_OP] Completed: store_embedding, Key: audiosink/current/CMakeLists.txt, Duration: 259ms
2026-03-03 04:31:29,737 - Knowledge - INFO - persist search terms embedding for audiosink/current/CMakeLists.txt
2026-03-03 04:31:29,931 - Knowledge - INFO - process ingested knowledge for /app/data/tevdevice9937/17/b8468m5/rdk-halif-aidl-17/audiosink/current/CMakeLists.txt
2026-03-03 04:31:30,130 - Knowledge - INFO - Found code-base-name: https://github.com/kavia-common/rdk-halif-aidl-17.git:kavia-develop-6801
2026-03-03 04:31:30,344 - Knowledge - INFO - Found code_base: <app.utils.kg_build.knowledge.KnowledgeCodeBase object at 0x7f4a5462bf90>
2026-03-03 04:31:30,621 - Knowledge - INFO - Found code-base-name: https://github.com/kavia-common/rdk-halif-aidl-17.git:kavia-develop-6801
2026-03-03 04:31:30,800 - Knowledge - INFO - Found code_base: <app.utils.kg_build.knowledge.KnowledgeCodeBase object at 0x7f4a5462bf90>
2026-03-03 04:31:30,983 - Knowledge - INFO - persist ingested knowledge for /app/data/tevdevice9937/17/b8468m5/rdk-halif-aidl-17/docs/standards/interface_template.md
2026-03-03 04:31:31,277 - Knowledge - INFO - [MONGODB_OP] Completed: persist, Collection: file_info, Duration: 110ms
2026-03-03 04:31:31,790 - Knowledge - INFO - [REDIS_OP] Completed: store_embedding, Key: docs/standards/interface_template.md, Duration: 282ms
2026-03-03 04:31:31,982 - Knowledge - INFO - persist search terms embedding for docs/standards/interface_template.md
2026-03-03 04:31:32,207 - Knowledge - INFO - process ingested knowledge for /app/data/tevdevice9937/17/b8468m5/rdk-halif-aidl-17/docs/standards/interface_template.md
2026-03-03 04:31:32,373 - Knowledge - INFO - Found code-base-name: https://github.com/kavia-common/rdk-halif-aidl-17.git:kavia-develop-6801
2026-03-03 04:31:32,534 - Knowledge - INFO - Found code_base: <app.utils.kg_build.knowledge.KnowledgeCodeBase object at 0x7f4a5462bf90>
2026-03-03 04:31:32,776 - Knowledge - INFO - Found code-base-name: https://github.com/kavia-common/rdk-halif-aidl-17.git:kavia-develop-6801
2026-03-03 04:31:32,953 - Knowledge - INFO - Found code_base: <app.utils.kg_build.knowledge.KnowledgeCodeBase object at 0x7f4a5462bf90>
2026-03-03 04:31:33,136 - Knowledge - INFO - persist ingested knowledge for /app/data/tevdevice9937/17/b8468m5/rdk-halif-aidl-17/docs/whitepapers/interface_version_alignment.md
2026-03-03 04:31:33,378 - Knowledge - INFO - [MONGODB_OP] Completed: persist, Collection: file_info, Duration: 94ms
2026-03-03 04:31:33,784 - Knowledge - INFO - [REDIS_OP] Completed: store_embedding, Key: docs/whitepapers/interface_version_alignment.md, Duration: 214ms
2026-03-03 04:31:33,956 - Knowledge - INFO - persist search terms embedding for docs/whitepapers/interface_version_alignment.md
2026-03-03 04:31:34,123 - Knowledge - INFO - process ingested knowledge for /app/data/tevdevice9937/17/b8468m5/rdk-halif-aidl-17/docs/whitepapers/interface_version_alignment.md
2026-03-03 04:31:34,331 - Knowledge - INFO - Found code-base-name: https://github.com/kavia-common/rdk-halif-aidl-17.git:kavia-develop-6801
2026-03-03 04:31:34,519 - Knowledge - INFO - Found code_base: <app.utils.kg_build.knowledge.KnowledgeCodeBase object at 0x7f4a5462bf90>
2026-03-03 04:31:34,779 - Knowledge - INFO - Found code-base-name: https://github.com/kavia-common/rdk-halif-aidl-17.git:kavia-develop-6801
2026-03-03 04:31:34,948 - Knowledge - INFO - Found code_base: <app.utils.kg_build.knowledge.KnowledgeCodeBase object at 0x7f4a5462bf90>
2026-03-03 04:31:35,130 - Knowledge - INFO - persist ingested knowledge for /app/data/tevdevice9937/17/b8468m5/rdk-halif-aidl-17/deepsleep/current/CMakeLists.txt
2026-03-03 04:31:35,421 - Knowledge - INFO - [MONGODB_OP] Completed: persist, Collection: file_info, Duration: 99ms
2026-03-03 04:31:35,902 - Knowledge - INFO - [REDIS_OP] Completed: store_embedding, Key: deepsleep/current/CMakeLists.txt, Duration: 248ms
2026-03-03 04:31:36,077 - Knowledge - INFO - persist search terms embedding for deepsleep/current/CMakeLists.txt
2026-03-03 04:31:36,248 - Knowledge - INFO - process ingested knowledge for /app/data/tevdevice9937/17/b8468m5/rdk-halif-aidl-17/deepsleep/current/CMakeLists.txt
2026-03-03 04:31:36,452 - Knowledge - INFO - Found code-base-name: https://github.com/kavia-common/rdk-halif-aidl-17.git:kavia-develop-6801
2026-03-03 04:31:36,608 - Knowledge - INFO - Found code_base: <app.utils.kg_build.knowledge.KnowledgeCodeBase object at 0x7f4a5462bf90>
2026-03-03 04:31:36,920 - Knowledge - INFO - Found code-base-name: https://github.com/kavia-common/rdk-halif-aidl-17.git:kavia-develop-6801
2026-03-03 04:31:37,080 - Knowledge - INFO - Found code_base: <app.utils.kg_build.knowledge.KnowledgeCodeBase object at 0x7f4a5462bf90>
2026-03-03 04:31:37,309 - Knowledge - INFO - persist ingested knowledge for /app/data/tevdevice9937/17/b8468m5/rdk-halif-aidl-17/CMakeLists.txt
2026-03-03 04:31:37,632 - Knowledge - INFO - [MONGODB_OP] Completed: persist, Collection: file_info, Duration: 119ms
2026-03-03 04:31:38,096 - Knowledge - INFO - [REDIS_OP] Completed: store_embedding, Key: CMakeLists.txt, Duration: 296ms
2026-03-03 04:31:38,257 - Knowledge - INFO - persist search terms embedding for CMakeLists.txt
2026-03-03 04:31:38,416 - Knowledge - INFO - process ingested knowledge for /app/data/tevdevice9937/17/b8468m5/rdk-halif-aidl-17/CMakeLists.txt
2026-03-03 04:31:38,622 - Knowledge - INFO - Found code-base-name: https://github.com/kavia-common/rdk-halif-aidl-17.git:kavia-develop-6801
2026-03-03 04:31:38,793 - Knowledge - INFO - Found code_base: <app.utils.kg_build.knowledge.KnowledgeCodeBase object at 0x7f4a5462bf90>
2026-03-03 04:31:39,070 - Knowledge - INFO - Found code-base-name: https://github.com/kavia-common/rdk-halif-aidl-17.git:kavia-develop-6801
2026-03-03 04:31:39,255 - Knowledge - INFO - Found code_base: <app.utils.kg_build.knowledge.KnowledgeCodeBase object at 0x7f4a5462bf90>
2026-03-03 04:31:39,457 - Knowledge - INFO - persist ingested knowledge for /app/data/tevdevice9937/17/b8468m5/rdk-halif-aidl-17/docs/governance/rdk-release-documenation-structure.md
                                                                                                                                                                                                                                                                                                                                                                                                                                                                                                                                                                                                                                                                                                                                                                                                                                                                                                                                                                                                                                                                                                                                                                                                                                                                                                                                                                                                                        kavia-common/rdk-halif-aidl-17.git:kavia-develop-6801
2026-03-03 04:31:37,121 - Knowledge - INFO - Found code_base: <app.utils.kg_build.knowledge.KnowledgeCodeBase object at 0x7f96d0576950>
2026-03-03 04:31:37,347 - Knowledge - INFO - process ingested knowledge for /app/data/tevdevice9937/17/b8468m5/rdk-halif-aidl-17/docs/requirements.txt
2026-03-03 04:31:37,584 - Knowledge - INFO - Found code-base-name: https://github.com/kavia-common/rdk-halif-aidl-17.git:kavia-develop-6801
2026-03-03 04:31:37,776 - Knowledge - INFO - Found code_base: <app.utils.kg_build.knowledge.KnowledgeCodeBase object at 0x7f96d0576950>
2026-03-03 04:31:37,949 - Knowledge - INFO - process ingested knowledge for /app/data/tevdevice9937/17/b8468m5/rdk-halif-aidl-17/cdm/drm_widevine_hal/drm_widevine_platform.h
2026-03-03 04:31:38,150 - Knowledge - INFO - Found code-base-name: https://github.com/kavia-common/rdk-halif-aidl-17.git:kavia-develop-6801
2026-03-03 04:31:38,350 - Knowledge - INFO - Found code_base: <app.utils.kg_build.knowledge.KnowledgeCodeBase object at 0x7f96d0576950>
2026-03-03 04:31:38,547 - Knowledge - INFO - process ingested knowledge for /app/data/tevdevice9937/17/b8468m5/rdk-halif-aidl-17/cdm/drm_widevine_hal/module.cpp
2026-03-03 04:31:38,757 - Knowledge - INFO - Found code-base-name: https://github.com/kavia-common/rdk-halif-aidl-17.git:kavia-develop-6801
2026-03-03 04:31:38,955 - Knowledge - INFO - Found code_base: <app.utils.kg_build.knowledge.KnowledgeCodeBase object at 0x7f96d0576950>
2026-03-03 04:31:39,374 - Knowledge - INFO - Found code-base-name: https://github.com/kavia-common/rdk-halif-aidl-17.git:kavia-develop-6801
2026-03-03 04:31:39,561 - Knowledge - INFO - Found code_base: <app.utils.kg_build.knowledge.KnowledgeCodeBase object at 0x7f96d0576950>
2026-03-03 04:31:39,741 - Knowledge - INFO - persist ingested knowledge for /app/data/tevdevice9937/17/b8468m5/rdk-halif-aidl-17/cdm/drm_playready_hal/drm_playready_platform.h
2026-03-03 04:31:40,062 - Knowledge - INFO - [MONGODB_OP] Completed: persist, Collection: file_info, Duration: 144ms
2026-03-03 04:31:41,207 - Knowledge - INFO - [REDIS_OP] Completed: store_embedding, Key: cdm/drm_playready_hal/drm_playready_platform.h, Duration: 901ms
2026-03-03 04:31:41,420 - Knowledge - INFO - persist search terms embedding for cdm/drm_playready_hal/drm_playready_platform.h
2026-03-03 04:31:41,593 - Knowledge - INFO - process ingested knowledge for /app/data/tevdevice9937/17/b8468m5/rdk-halif-aidl-17/cdm/drm_playready_hal/drm_playready_platform.h
2026-03-03 04:31:41,806 - Knowledge - INFO - Found code-base-name: https://github.com/kavia-common/rdk-halif-aidl-17.git:kavia-develop-6801
2026-03-03 04:31:42,004 - Knowledge - INFO - Found code_base: <app.utils.kg_build.knowledge.KnowledgeCodeBase object at 0x7f96d0576950>
               2026-03-03 04:31:42,310 - Knowledge - INFO - Found code-base-name: https://github.com/kavia-common/rdk-halif-aidl-17.git:kavia-develop-6801
2026-03-03 04:31:42,500 - Knowledge - INFO - Found code_base: <app.utils.kg_build.knowledge.KnowledgeCodeBase object at 0x7f96d0576950>
2026-03-03 04:31:42,694 - Knowledge - INFO - persist ingested knowledge for /app/data/tevdevice9937/17/b8468m5/rdk-halif-aidl-17/docs/governance/rdk-engineering-validation-framework.md
2026-03-03 04:31:43,008 - Knowledge - INFO - [MONGODB_OP] Completed: persist, Collection: file_info, Duration: 121ms
2026-03-03 04:31:43,575 - Knowledge - INFO - [REDIS_OP] Completed: store_embedding, Key: docs/governance/rdk-engineering-validation-framework.md, Duration: 397ms
2026-03-03 04:31:43,763 - Knowledge - INFO - persist search terms embedding for docs/governance/rdk-engineering-validation-framework.md
2026-03-03 04:31:43,981 - Knowledge - INFO - process ingested knowledge for /app/data/tevdevice9937/17/b8468m5/rdk-halif-aidl-17/docs/governance/rdk-engineering-validation-framework.md
2026-03-03 04:31:44,183 - Knowledge - INFO - Found code-base-name: https://github.com/kavia-common/rdk-halif-aidl-17.git:kavia-develop-6801
2026-03-03 04:31:44,399 - Knowledge - INFO - Found code_base: <app.utils.kg.md
2026-03-03 04:31:44,483 - Knowledge - INFO - [MONGODB_OP] Completed: persist, Collection: file_info, Duration: 120ms
2026-03-03 04:31:44,981 - Knowledge - INFO - [REDIS_OP] Completed: store_embedding, Key: docs/halif/video_sink/current/video_sink.md, Duration: 289ms
2026-03-03 04:31:45,156 - Knowledge - INFO - persist search terms embedding for docs/halif/video_sink/current/video_sink.md
2026-03-03 04:31:45,351 - Knowledge - INFO - process ingested knowledge for /app/data/tevdevice9937/17/b8468m5/rdk-halif-aidl-17/docs/halif/video_sink/current/video_sink.md
2026-03-03 04:31:45,556 - Knowledge - INFO - Found code-base-name: https://github.com/kavia-common/rdk-halif-aidl-17.git:kavia-develop-6801
2026-03-03 04:31:45,739 - Knowledge - INFO - Found code_base: <app.utils.kg_build.knowledge.KnowledgeCodeBase object at 0x7f4a5462bf90>
2026-03-03 04:31:46,016 - Knowledge - INFO - Found code-base-name: https://github.com/kavia-common/rdk-halif-aidl-17.git:kavia-develop-6801
2026-03-03 04:31:46,205 - Knowledge - INFO - Found code_base: <app.utils.kg_build.knowledge.KnowledgeCodeBase object at 0x7f4a5462bf90>
2026-03-03 04:31:46,371 - Knowledge - INFO - persist ingested knowledge for /app/data/tevdevice9937/17/b8468m5/rdk-halif-aidl-17/mkdocs.yml
2026-03-03 04:31:46,758 - Knowledge - INFO - [MONGODB_OP] Completed: persist, Collection: file_info, Duration: 189ms
2026-03-03 04:31:47,348 - Knowledge - INFO - [REDIS_OP] Completed: store_embedding, Key: mkdocs.yml, Duration: 389ms
2026-03-03 04:31:47,525 - Knowledge - INFO - persist search terms embedding for mkdocs.yml
2026-03-03 04:31:47,672 - Knowledge - INFO - process ingested knowledge for /app/data/tevdevice9937/17/b8468m5/rdk-halif-aidl-17/mkdocs.yml
2026-03-03 04:31:47,889 - Knowledge - INFO - Found code-base-name: https://github.com/kavia-common/rdk-halif-aidl-17.git:kavia-develop-6801
2026-03-03 04:31:48,071 - Knowledge - INFO - Found code_base: <app.utils.kg_build.knowledge.KnowledgeCodeBase object at 0x7f4a5462bf90>
2026-03-03 04:31:48,414 - Knowledge - INFO - Found code-base-name: https://github.com/kavia-common/rdk-halif-aidl-17.git:kavia-develop-6801
2026-03-03 04:31:48,591 - Knowledge - INFO - Found code_base: <app.utils.kg_build.knowledge.KnowledgeCodeBase object at 0x7f4a5462bf90>
2026-03-03 04:31:48,782 - Knowledge - INFO - persist ingested knowledge for /app/data/tevdevice9937/17/b8468m5/rdk-halif-aidl-17/docs/halif/device_info/current/device_info.md
2026-03-03 04:31:49,136 - Knowledge - INFO - [MONGODB_OP] Completed: persist, Collection: file_info, Duration: 163ms
2026-03-03 04:31:49,607 - Knowledge - INFO - [REDIS_OP] Completed: store_embedding, Key: docs/halif/device_info/current/device_info.md, Duration: 312ms
2026-03-03 04:31:49,792 - Knowledge - INFO - persist search terms embedding for docs/halif/device_info/current/device_info.md
2026-03-03 04:31:49,975 - Knowledge - INFO - process ingested knowledge for /app/data/tevdevice9937/17/b8468m5/rdk-halif-aidl-17/docs/halif/device_info/current/device_info.md
2026-03-03 04:31:50,168 - Knowledge - INFO - Found code-base-name: https://github.com/kavia-common/rdk-halif-aidl-17.git:kavia-develop-6801
2026-03-03 04:31:50,367 - Knowledge - INFO - Found code_base: <app.utils.kg_build.knowledge.KnowledgeCodeBase object at 0x7f4a5462bf90>
2026-03-03 04:31:50,759 - Knowledge - INFO - Found code-base-name: https://github.com/kavia-common/rdk-halif-aidl-17.git:kavia-develop-6801
2026-03-03 04:31:50,920 - Knowledge - INFO - Found code_base: <app.utils.kg_build.knowledge.KnowledgeCodeBase object at 0x7f4a5462bf90>
2026-03-03 04:31:51,107 - Knowledge - INFO - persist ingested knowledge for /app/data/tevdevice9937/17/b8468m5/rdk-halif-aidl-17/cdm/hal_utils/hal_logger.h
2026-03-03 04:31:51,508 - Knowledge - INFO - [MONGODB_OP] Completed: persist, Collection: file_info, Duration: 201ms
2026-03-03 04:31:52,122 - Knowledge - INFO - [REDIS_OP] Completed: store_embedding, Key: cdm/hal_utils/hal_logger.h, Duration: 410ms
2026-03-03 04:31:52,332 - Knowledge - INFO - persist search terms embedding for cdm/hal_utils/hal_logger.h
2026-03-03 04:31:52,517 - Knowledge - INFO - process ingested knowledge for /app/data/tevdevice9937/17/b8468m5/rdk-halif-aidl-17/cdm/hal_utils/hal_logger.h
2026-03-03 04:31:52,736 - Knowledge - INFO - Found code-base-name: https://github.com/kavia-common/rdk-halif-aidl-17.git:kavia-develop-6801
2026-03-03 04:31:52,891 - Knowledge - INFO - Found code_base: <app.utils.kg_build.knowledge.KnowledgeCodeBase object at 0x7f4a5462bf90>
2026-03-03 04:31:53,331 - Knowledge - INFO - Found code-base-name: https://github.com/kavia-common/rdk-halif-aidl-17.git:kavia-develop-6801
2026-03-03 04:31:53,511 - Knowledge - INFO - Found code_base: <app.utils.kg_build.knowledge.KnowledgeCodeBase object at 0x7f4a5462bf90>
2026-03-03 04:31:53,680 - Knowledge - INFO - persist ingested knowledge for /app/data/tevdevice9937/17/b8468m5/rdk-halif-aidl-17/docs/standards/semantic_versioning.md
2026-03-03 04:31:53,995 - Knowledge - INFO - [MONGODB_OP] Completed: persist, Collection: file_info, Duration: 157ms
2026-03-03 04:31:54,538 - Knowledge - INFO - [REDIS_OP] Completed: store_embedding, Key: docs/standards/semantic_versioning.md, Duration: 345ms
2026-03-03 04:31:54,688 - Knowledge - INFO - persist search terms embedding for docs/standards/semantic_versioning.md
2026-03-03 04:31:54,854 - Knowledge - INFO - process ingested knowledge for /app/data/tevdevice9937/17/b8468m5/rdk-halif-aidl-17/docs/standards/semantic_versioning.md
2026-03-03 04:31:55,073 - Knowledge - INFO - Found code-base-name: https://github.com/kavia-common/rdk-halif-aidl-17.git:kavia-develop-6801
2026-03-03 04:31:55,296 - Knowledge - INFO - Found code_base: <app.utils.kg_build.knowledge.KnowledgeCodeBase object at 0x7f4a5462bf90>
2026-03-03 04:31:55,674 - Knowledge - INFO - Found code-base-name: https://github.com/kavia-common/rdk-halif-aidl-17.git:kavia-develop-6801
2026-03-03 04:31:55,848 - Knowledge - INFO - Found code_base: <app.utils.kg_build.knowledge.KnowledgeCodeBase object at 0x7f4a5462bf90>
2026-03-03 04:31:56,053 - Knowledge - INFO - persist ingested knowledge for /app/data/tevdevice9937/17/b8468m5/rdk-halif-aidl-17/hdmiinput/current/hfp-hdmiinput.yaml
2026-03-03 04:31:56,337 - Knowledge - INFO - [MONGODB_OP] Completed: persist, Collection: file_info, Duration: 121ms
2026-03-03 04:31:56,801 - Knowledge - INFO - [REDIS_OP] Completed: store_embedding, Key: hdmiinput/current/hfp-hdmiinput.yaml, Duration: 249ms
2026-03-03 04:31:56,957 - Knowledge - INFO - persist search terms embedding for hdmiinput/current/hfp-hdmiinput.yaml
2026-03-03 04:31:57,131 - Knowledge - INFO - process ingested knowledge for /app/data/tevdevice9937/17/b8468m5/rdk-halif-aidl-17/hdmiinput/current/hfp-hdmiinput.yaml
2026-03-03 04:31:57,295 - Knowledge - INFO - Found code-base-name: https://github.com/kavia-common/rdk-halif-aidl-17.git:kavia-develop-6801
2026-03-03 04:31:57,498 - Knowledge - INFO - Found code_base: <app.utils.kg_build.knowledge.KnowledgeCodeBase object at 0x7f4a5462bf90>
2026-03-03 04:31:57,797 - Knowledge - INFO - Found code-base-name: https://github.com/kavia-common/rdk-halif-aidl-17.git:kavia-develop-6801
2026-03-03 04:31:57,994 - Knowledge - INFO - Found code_base: <app.utils.kg_build.knowledge.KnowledgeCodeBase object at 0x7f4a5462bf90>
2026-03-03 04:31:58,199 - Knowledge - INFO - persist ingested knowledge for /app/data/tevdevice9937/17/b8468m5/rdk-halif-aidl-17/hdmiinput/current/CMakeLists.txt
2026-03-03 04:31:58,497 - Knowledge - INFO - [MONGODB_OP] Completed: persist, Collection: file_info, Duration: 144ms
2026-03-03 04:31:59,013 - Knowledge - INFO - [REDIS_OP] Completed: store_embedding, Key: hdmiinput/current/CMakeLists.txt, Duration: 335ms
2026-03-03 04:31:59,251 - Knowledge - INFO - persist search terms embedding for hdmiinput/current/CMakeLists.txt
2026-03-03 04:31:59,420 - Knowledge - INFO - process ingested knowledge for /app/data/tevdevice9937/17/b8468m5/rdk-halif-aidl-17/hdmiinput/current/CMakeLists.txt
2026-03-03 04:31:59,620 - Knowledge - INFO - Found code-base-name: https://github.com/kavia-common/rdk-halif-aidl-17.git:kavia-develop-6801
2026-03-03 04:31:59,821 - Knowledge - INFO - Found code_base: <app.utils.kg_build.knowledge.KnowledgeCodeBase object at 0x7f4a5462bf90>
2026-03-03 04:32:00,105 - Knowledge - INFO - Found code-base-name: https://github.com/kavia-common/rdk-halif-aidl-17.git:kavia-develop-6801
2026-03-03 04:32:00,292 - Knowledge - INFO - Found code_base: <app.utils.kg_build.knowledge.KnowledgeCodeBase object at 0x7f4a5462bf90>
2026-03-03 04:32:00,458 - Knowledge - INFO - persist ingested knowledge for /app/data/tevdevice9937/17/b8468m5/rdk-halif-aidl-17/docs/halif/broadcast/current/broadcast.md
2026-03-03 04:32:00,772 - Knowledge - INFO - [MONGODB_OP] Completed: persist, Collection: file_info, Duration: 115ms
2026-03-03 04:32:01,207 - Knowledge - INFO - [REDIS_OP] Completed: store_embedding, Key: docs/halif/broadcast/current/broadcast.md, Duration: 277ms
2026-03-03 04:32:01,461 - Knowledge - INFO - persist search terms embedding for docs/halif/broadcast/current/broadcast.md
2026-03-03 04:32:01,670 - Knowledge - INFO - process ingested knowledge for /app/data/tevdevice9937/17/b8468m5/rdk-halif-aidl-17/docs/halif/broadcast/current/broadcast.md
2026-03-03 04:32:01,878 - Knowledge - INFO - Found code-base-name: https://github.com/kavia-common/rdk-halif-aidl-17.git:kavia-develop-6801
2026-03-03 04:32:02,040 - Knowledge - INFO - Found code_base: <app.utils.kg_build.knowledge.KnowledgeCodeBase object at 0x7f4a5462bf90>
2026-03-03 04:32:02,349 - Knowledge - INFO - Found code-base-name: https://github.com/kavia-common/rdk-halif-aidl-17.git:kavia-develop-6801
2026-03-03 04:32:02,536 - Knowledge - INFO - Found code_base: <app.utils.kg_build.knowledge.KnowledgeCodeBase object at 0x7f4a5462bf90>
2026-03-03 04:32:02,695 - Knowledge - INFO - persist ingested knowledge for /app/data/tevdevice9937/17/b8468m5/rdk-halif-aidl-17/docs/halif/sensor/current/motion/motion_sensor.md
2026-03-03 04:32:03,032 - Knowledge - INFO - [MONGODB_OP] Completed: persist, Collection: file_info, Duration: 135ms
2026-03-03 04:32:03,500 - Knowledge - INFO - [REDIS_OP] Completed: store_embedding, Key: docs/halif/sensor/current/motion/motion_sensor.md, Duration: 283ms
2026-03-03 04:32:03,699 - Knowledge - INFO - persist search terms embedding for docs/halif/sensor/current/motion/motion_sensor.md
2026-03-03 04:32:03,941 - Knowledge - INFO - process ingested knowledge for /app/data/tevdevice9937/17/b8468m5/rdk-halif-aidl-17/docs/halif/sensor/current/motion/motion_sensor.md
2026-03-03 04:32:04,122 - Knowledge - INFO - Found code-base-name: https://github.com/kavia-common/rdk-halif-aidl-17.git:kavia-develop-6801
2026-03-03 04:32:04,278 - Knowledge - INFO - Found code_base: <app.utils.kg_build.knowledge.KnowledgeCodeBase object at 0x7f4a5462bf90>
2026-03-03 04:32:04,576 - Knowledge - INFO - Found code-base-name: https://github.com/kavia-common/rdk-halif-aidl-17.git:kavia-develop-6801
2026-03-03 04:32:04,784 - Knowledge - INFO - Found code_base: <app.utils.kg_build.knowledge.KnowledgeCodeBase object at 0x7f4a5462bf90>
2026-03-03 04:32:04,963 - Knowledge - INFO - persist ingested knowledge for /app/data/tevdevice9937/17/b8468m5/rdk-halif-aidl-17/docs/vsi/filesystem/current/logging_system.md
2026-03-03 04:32:05,265 - Knowledge - INFO - [MONGODB_OP] Completed: persist, Collection: file_info, Duration: 117ms
2026-03-03 04:32:05,686 - Knowledge - INFO - [REDIS_OP] Completed: store_embedding, Key: docs/vsi/filesystem/current/logging_system.md, Duration: 215ms
2026-03-03 04:32:05,894 - Knowledge - INFO - persist search terms embedding for docs/vsi/filesystem/current/logging_system.md
2026-03-03 04:32:06,090 - Knowledge - INFO - process ingested knowledge for /app/data/tevdevice9937/17/b8468m5/rdk-halif-aidl-17/docs/vsi/filesystem/current/logging_system.md
2026-03-03 04:32:06,265 - Knowledge - INFO - Found code-base-name: https://github.com/kavia-common/rdk-halif-aidl-17.git:kavia-develop-6801
2026-03-03 04:32:06,437 - Knowledge - INFO - Found code_base: <app.utils.kg_build.knowledge.KnowledgeCodeBase object at 0x7f4a5462bf90>
2026-03-03 04:32:06,765 - Knowledge - INFO - Found code-base-name: https://github.com/kavia-common/rdk-halif-aidl-17.git:kavia-develop-6801
2026-03-03 04:32:06,961 - Knowledge - INFO - Found code_base: <app.utils.kg_build.knowledge.KnowledgeCodeBase object at 0x7f4a5462bf90>
2026-03-03 04:32:07,148 - Knowledge - INFO - persist ingested knowledge for /app/data/tevdevice9937/17/b8468m5/rdk-halif-aidl-17/avbuffer/current/avbufferhelper.h
2026-03-03 04:32:07,446 - Knowledge - INFO - [MONGODB_OP] Completed: persist, Collection: file_info, Duration: 119ms
2026-03-03 04:32:07,842 - Knowledge - INFO - [REDIS_OP] Completed: store_embedding, Key: avbuffer/current/avbufferhelper.h, Duration: 221ms
2026-03-03 04:32:08,056 - Knowledge - INFO - persist search terms embedding for avbuffer/current/avbufferhelper.h
2026-03-03 04:32:08,252 - Knowledge - INFO - process ingested knowledge for /app/data/tevdevice9937/17/b8468m5/rdk-halif-aidl-17/avbuffer/current/avbufferhelper.h
2026-03-03 04:32:08,435 - Knowledge - INFO - Found code-base-name: https://github.com/kavia-common/rdk-halif-aidl-17.git:kavia-develop-6801
2026-03-03 04:32:08,614 - Knowledge - INFO - Found code_base: <app.utils.kg_build.knowledge.KnowledgeCodeBase object at 0x7f4a5462bf90>
2026-03-03 04:32:08,905 - Knowledge - INFO - Found code-base-name: https://github.com/kavia-common/rdk-halif-aidl-17.git:kavia-develop-6801
2026-03-03 04:32:09,091 - Knowledge - INFO - Found code_base: <app.utils.kg_build.knowledge.KnowledgeCodeBase object at 0x7f4a5462bf90>
2026-03-03 04:32:09,260 - Knowledge - INFO - persist ingested knowledge for /app/data/tevdevice9937/17/b8468m5/rdk-halif-aidl-17/sensor/current/com/rdk/hal/sensor/motion/CMakeLists.txt
2026-03-03 04:32:09,553 - Knowledge - INFO - [MONGODB_OP] Completed: persist, Collection: file_info, Duration: 107ms
2026-03-03 04:32:10,104 - Knowledge - INFO - [REDIS_OP] Completed: store_embedding, Key: sensor/current/com/rdk/hal/sensor/motion/CMakeLists.txt, Duration: 342ms
2026-03-03 04:32:10,304 - Knowledge - INFO - persist search terms embedding for sensor/current/com/rdk/hal/sensor/motion/CMakeLists.txt
2026-03-03 04:32:10,482 - Knowledge - INFO - process ingested knowledge for /app/data/tevdevice9937/17/b8468m5/rdk-halif-aidl-17/sensor/current/com/rdk/hal/sensor/motion/CMakeLists.txt
2026-03-03 04:32:10,653 - Knowledge - INFO - Found code-base-name: https://github.com/kavia-common/rdk-halif-aidl-17.git:kavia-develop-6801
2026-03-03 04:32:10,823 - Knowledge - INFO - Found code_base: <app.utils.kg_build.knowledge.KnowledgeCodeBase object at 0x7f4a5462bf90>
2026-03-03 04:32:11,183 - Knowledge - INFO - Found code-base-name: https://github.com/kavia-common/rdk-halif-aidl-17.git:kavia-develop-6801
2026-03-03 04:32:11,378 - Knowledge - INFO - Found code_base: <app.utils.kg_build.knowledge.KnowledgeCodeBase object at 0x7f4a5462bf90>
2026-03-03 04:32:11,592 - Knowledge - INFO - persist ingested knowledge for /app/data/tevdevice9937/17/b8468m5/rdk-halif-aidl-17/docs/build_docs.sh
2026-03-03 04:32:11,922 - Knowledge - INFO - [MONGODB_OP] Completed: persist, Collection: file_info, Duration: 134ms
2026-03-03 04:32:12,369 - Knowledge - INFO - [REDIS_OP] Completed: store_embedding, Key: docs/build_docs.sh, Duration: 274ms
2026-03-03 04:32:12,534 - Knowledge - INFO - persist search terms embedding for docs/build_docs.sh
2026-03-03 04:32:12,680 - Knowledge - INFO - process ingested knowledge for /app/data/tevdevice9937/17/b8468m5/rdk-halif-aidl-17/docs/build_docs.sh
2026-03-03 04:32:12,883 - Knowledge - INFO - Found code-base-name: https://github.com/kavia-common/rdk-halif-aidl-17.git:kavia-develop-6801
2026-03-03 04:32:13,074 - Knowledge - INFO - Found code_base: <app.utils.kg_build.knowledge.KnowledgeCodeBase object at 0x7f4a5462bf90>
2026-03-03 04:32:13,343 - Knowledge - INFO - Found code-base-name: https://github.com/kavia-common/rdk-halif-aidl-17.git:kavia-develop-6801
2026-03-03 04:32:13,532 - Knowledge - INFO - Found code_base: <app.utils.kg_build.knowledge.KnowledgeCodeBase object at 0x7f4a5462bf90>
2026-03-03 04:32:13,742 - Knowledge - INFO - persist ingested knowledge for /app/data/tevdevice9937/17/b8468m5/rdk-halif-aidl-17/docs/halif/audio_decoder/current/audio_decoder.md
2026-03-03 04:32:14,031 - Knowledge - INFO - [MONGODB_OP] Completed: persist, Collection: file_info, Duration: 117ms
2026-03-03 04:32:14,515 - Knowledge - INFO - [REDIS_OP] Completed: store_embedding, Key: docs/halif/audio_decoder/current/audio_decoder.md, Duration: 312ms
2026-03-03 04:32:14,695 - Knowledge - INFO - persist search terms embedding for docs/halif/audio_decoder/current/audio_decoder.md
2026-03-03 04:32:14,918 - Knowledge - INFO - process ingested knowledge for /app/data/tevdevice9937/17/b8468m5/rdk-halif-aidl-17/docs/halif/audio_decoder/current/audio_decoder.md
2026-03-03 04:32:15,133 - Knowledge - INFO - Found code-base-name: https://github.com/kavia-common/rdk-halif-aidl-17.git:kavia-develop-6801
2026-03-03 04:32:15,331 - Knowledge - INFO - Found code_base: <app.utils.kg_build.knowledge.KnowledgeCodeBase object at 0x7f4a5462bf90>
2026-03-03 04:32:15,594 - Knowledge - INFO - Found code-base-name: https://github.com/kavia-common/rdk-halif-aidl-17.git:kavia-develop-6801
2026-03-03 04:32:15,781 - Knowledge - INFO - Found code_base: <app.utils.kg_build.knowledge.KnowledgeCodeBase object at 0x7f4a5462bf90>
2026-03-03 04:32:15,968 - Knowledge - INFO - persist ingested knowledge for /app/data/tevdevice9937/17/b8468m5/rdk-halif-aidl-17/docs/javascript/mermaid-init.js
2026-03-03 04:32:16,272 - Knowledge - INFO - [MONGODB_OP] Completed: persist, Collection: file_info, Duration: 119ms
2026-03-03 04:32:16,716 - Knowledge - INFO - [REDIS_OP] Completed: store_embedding, Key: docs/javascript/mermaid-init.js, Duration: 252ms
2026-03-03 04:32:16,954 - Knowledge - INFO - persist search terms embedding for docs/javascript/mermaid-init.js
2026-03-03 04:32:17,172 - Knowledge - INFO - process ingested knowledge for /app/data/tevdevice9937/17/b8468m5/rdk-halif-aidl-17/docs/javascript/mermaid-init.js
2026-03-03 04:32:17,399 - Knowledge - INFO - Found code-base-name: https://github.com/kavia-common/rdk-halif-aidl-17.git:kavia-develop-6801
2026-03-03 04:32:17,616 - Knowledge - INFO - Found code_base: <app.utils.kg_build.knowledge.KnowledgeCodeBase object at 0x7f4a5462bf90>
2026-03-03 04:32:17,913 - Knowledge - INFO - Found code-base-name: https://github.com/kavia-common/rdk-halif-aidl-17.git:kavia-develop-6801
2026-03-03 04:32:18,094 - Knowledge - INFO - Found code_base: <app.utils.kg_build.knowledge.KnowledgeCodeBase object at 0x7f4a5462bf90>
2026-03-03 04:32:18,270 - Knowledge - INFO - persist ingested knowledge for /app/data/tevdevice9937/17/b8468m5/rdk-halif-aidl-17/docs/introduction/documentation_getting_started.md
2026-03-03 04:32:18,614 - Knowledge - INFO - [MONGODB_OP] Completed: persist, Collection: file_info, Duration: 154ms
2026-03-03 04:32:19,094 - Knowledge - INFO - [REDIS_OP] Completed: store_embedding, Key: docs/introduction/documentation_getting_started.md, Duration: 281ms
2026-03-03 04:32:19,285 - Knowledge - INFO - persist search terms embedding for docs/introduction/documentation_getting_started.md
2026-03-03 04:32:19,448 - Knowledge - INFO - process ingested knowledge for /app/data/tevdevice9937/17/b8468m5/rdk-halif-aidl-17/docs/introduction/documentation_getting_started.md
2026-03-03 04:32:19,654 - Knowledge - INFO - Found code-base-name: https://github.com/kavia-common/rdk-halif-aidl-17.git:kavia-develop-6801
2026-03-03 04:32:19,809 - Knowledge - INFO - Found code_base: <app.utils.kg_build.knowledge.KnowledgeCodeBase object at 0x7f4a5462bf90>
2026-03-03 04:32:20,138 - Knowledge - INFO - Found code-base-name: https://github.com/kavia-common/rdk-halif-aidl-17.git:kavia-develop-6801
2026-03-03 04:32:20,327 - Knowledge - INFO - Found code_base: <app.utils.kg_build.knowledge.KnowledgeCodeBase object at 0x7f4a5462bf90>
2026-03-03 04:32:20,506 - Knowledge - INFO - persist ingested knowledge for /app/data/tevdevice9937/17/b8468m5/rdk-halif-aidl-17/boot/current/hfp-boot.yaml
2026-03-03 04:32:20,831 - Knowledge - INFO - [MONGODB_OP] Completed: persist, Collection: file_info, Duration: 155ms
2026-03-03 04:32:21,332 - Knowledge - INFO - [REDIS_OP] Completed: store_embedding, Key: boot/current/hfp-boot.yaml, Duration: 288ms
2026-03-03 04:32:21,522 - Knowledge - INFO - persist search terms embedding for boot/current/hfp-boot.yaml
2026-03-03 04:32:21,698 - Knowledge - INFO - process ingested knowledge for /app/data/tevdevice9937/17/b8468m5/rdk-halif-aidl-17/boot/current/hfp-boot.yaml
2026-03-03 04:32:21,875 - Knowledge - INFO - Found code-base-name: https://github.com/kavia-common/rdk-halif-aidl-17.git:kavia-develop-6801
2026-03-03 04:32:22,085 - Knowledge - INFO - Found code_base: <app.utils.kg_build.knowledge.KnowledgeCodeBase object at 0x7f4a5462bf90>
2026-03-03 04:32:22,365 - Knowledge - INFO - Found code-base-name: https://github.com/kavia-common/rdk-halif-aidl-17.git:kavia-develop-6801
2026-03-03 04:32:22,550 - Knowledge - INFO - Found code_base: <app.utils.kg_build.knowledge.KnowledgeCodeBase object at 0x7f4a5462bf90>
2026-03-03 04:32:22,741 - Knowledge - INFO - persist ingested knowledge for /app/data/tevdevice9937/17/b8468m5/rdk-halif-aidl-17/docs/halif/indicator/current/indicator.md
2026-03-03 04:32:23,095 - Knowledge - INFO - [MONGODB_OP] Completed: persist, Collection: file_info, Duration: 140ms
2026-03-03 04:32:23,586 - Knowledge - INFO - [REDIS_OP] Completed: store_embedding, Key: docs/halif/indicator/current/indicator.md, Duration: 277ms
2026-03-03 04:32:23,788 - Knowledge - INFO - persist search terms embedding for docs/halif/indicator/current/indicator.md
2026-03-03 04:32:23,971 - Knowledge - INFO - process ingested knowledge for /app/data/tevdevice9937/17/b8468m5/rdk-halif-aidl-17/docs/halif/indicator/current/indicator.md
2026-03-03 04:32:24,161 - Knowledge - INFO - Found code-base-name: https://github.com/kavia-common/rdk-halif-aidl-17.git:kavia-develop-6801
2026-03-03 04:32:24,373 - Knowledge - INFO - Found code_base: <app.utils.kg_build.knowledge.KnowledgeCodeBase object at 0x7f4a5462bf90>
2026-03-03 04:32:24,653 - Knowledge - INFO - Found code-base-name: https://github.com/kavia-common/rdk-halif-aidl-17.git:kavia-develop-6801
2026-03-03 04:32:24,805 - Knowledge - INFO - Found code_base: <app.utils.kg_build.knowledge.KnowledgeCodeBase object at 0x7f4a5462bf90>
2026-03-03 04:32:24,994 - Knowledge - INFO - persist ingested knowledge for /app/data/tevdevice9937/17/b8468m5/rdk-halif-aidl-17/docs/whitepapers/documentation_in_git.md
2026-03-03 04:32:25,268 - Knowledge - INFO - [MONGODB_OP] Completed: persist, Collection: file_info, Duration: 108ms
2026-03-03 04:32:25,732 - Knowledge - INFO - [REDIS_OP] Completed: store_embedding, Key: docs/whitepapers/documentation_in_git.md, Duration: 254ms
2026-03-03 04:32:25,944 - Knowledge - INFO - persist search terms embedding for docs/whitepapers/documentation_in_git.md
2026-03-03 04:32:26,149 - Knowledge - INFO - process ingested knowledge for /app/data/tevdevice9937/17/b8468m5/rdk-halif-aidl-17/docs/whitepapers/documentation_in_git.md
2026-03-03 04:32:26,392 - Knowledge - INFO - Found code-base-name: https://github.com/kavia-common/rdk-halif-aidl-17.git:kavia-develop-6801
2026-03-03 04:32:26,568 - Knowledge - INFO - Found code_base: <app.utils.kg_build.knowledge.KnowledgeCodeBase object at 0x7f4a5462bf90>
2026-03-03 04:32:26,829 - Knowledge - INFO - Found code-base-name: https://github.com/kavia-common/rdk-halif-aidl-17.git:kavia-develop-6801
2026-03-03 04:32:26,993 - Knowledge - INFO - Found code_base: <app.utils.kg_build.knowledge.KnowledgeCodeBase object at 0x7f4a5462bf90>
2026-03-03 04:32:27,213 - Knowledge - INFO - persist ingested knowledge for /app/data/tevdevice9937/17/b8468m5/rdk-halif-aidl-17/docs/vsi/bluetooth/current/bluetooth.md
2026-03-03 04:32:27,546 - Knowledge - INFO - [MONGODB_OP] Completed: persist, Collection: file_info, Duration: 130ms
2026-03-03 04:32:28,133 - Knowledge - INFO - [REDIS_OP] Completed: store_embedding, Key: docs/vsi/bluetooth/current/bluetooth.md, Duration: 370ms
2026-03-03 04:32:28,306 - Knowledge - INFO - persist search terms embedding for docs/vsi/bluetooth/current/bluetooth.md
2026-03-03 04:32:28,486 - Knowledge - INFO - process ingested knowledge for /app/data/tevdevice9937/17/b8468m5/rdk-halif-aidl-17/docs/vsi/bluetooth/current/bluetooth.md
2026-03-03 04:32:28,677 - Knowledge - INFO - Found code-base-name: https://github.com/kavia-common/rdk-halif-aidl-17.git:kavia-develop-6801
2026-03-03 04:32:28,887 - Knowledge - INFO - Found code_base: <app.utils.kg_build.knowledge.KnowledgeCodeBase object at 0x7f4a5462bf90>
2026-03-03 04:32:29,221 - Knowledge - INFO - Found code-base-name: https://github.com/kavia-common/rdk-halif-aidl-17.git:kavia-develop-6801
2026-03-03 04:32:29,424 - Knowledge - INFO - Found code_base: <app.utils.kg_build.knowledge.KnowledgeCodeBase object at 0x7f4a5462bf90>
2026-03-03 04:32:29,626 - Knowledge - INFO - persist ingested knowledge for /app/data/tevdevice9937/17/b8468m5/rdk-halif-aidl-17/cdm/drm_playready_hal/drm_playready_hal.c
2026-03-03 04:32:29,919 - Knowledge - INFO - [MONGODB_OP] Completed: persist, Collection: file_info, Duration: 97ms
2026-03-03 04:32:30,409 - Knowledge - INFO - [REDIS_OP] Completed: store_embedding, Key: cdm/drm_playready_hal/drm_playready_hal.c, Duration: 321ms
2026-03-03 04:32:30,602 - Knowledge - INFO - persist search terms embedding for cdm/drm_playready_hal/drm_playready_hal.c
2026-03-03 04:32:30,773 - Knowledge - INFO - process ingested knowledge for /app/data/tevdevice9937/17/b8468m5/rdk-halif-aidl-17/cdm/drm_playready_hal/drm_playready_hal.c
2026-03-03 04:32:30,935 - Knowledge - INFO - Found code-base-name: https://github.com/kavia-common/rdk-halif-aidl-17.git:kavia-develop-6801
2026-03-03 04:32:31,141 - Knowledge - INFO - Found code_base: <app.utils.kg_build.knowledge.KnowledgeCodeBase object at 0x7f4a5462bf90>
2026-03-03 04:32:31,426 - Knowledge - INFO - Found code-base-name: https://github.com/kavia-common/rdk-halif-aidl-17.git:kavia-develop-6801
2026-03-03 04:32:31,648 - Knowledge - INFO - Found code_base: <app.utils.kg_build.knowledge.KnowledgeCodeBase object at 0x7f4a5462bf90>
2026-03-03 04:32:31,842 - Knowledge - INFO - persist ingested knowledge for /app/data/tevdevice9937/17/b8468m5/rdk-halif-aidl-17/cdm/drm_widevine_hal/drm_widevine_platform.cpp
2026-03-03 04:32:32,115 - Knowledge - INFO - [MONGODB_OP] Completed: persist, Collection: file_info, Duration: 115ms
2026-03-03 04:32:32,602 - Knowledge - INFO - [REDIS_OP] Completed: store_embedding, Key: cdm/drm_widevine_hal/drm_widevine_platform.cpp, Duration: 321ms
2026-03-03 04:32:32,803 - Knowledge - INFO - persist search terms embedding for cdm/drm_widevine_hal/drm_widevine_platform.cpp
2026-03-03 04:32:33,003 - Knowledge - INFO - process ingested knowledge for /app/data/tevdevice9937/17/b8468m5/rdk-halif-aidl-17/cdm/drm_widevine_hal/drm_widevine_platform.cpp
2026-03-03 04:32:33,199 - Knowledge - INFO - Found code-base-name: https://github.com/kavia-common/rdk-halif-aidl-17.git:kavia-develop-6801
2026-03-03 04:32:33,362 - Knowledge - INFO - Found code_base: <app.utils.kg_build.knowledge.KnowledgeCodeBase object at 0x7f4a5462bf90>
                                                                                                  2026-03-03 04:32:33,712 - Knowledge - INFO - Found code-base-name: https://github.com/kavia-common/rdk-halif-aidl-17.git:kavia-develop-6801
2026-03-03 04:32:33,868 - Knowledge - INFO - Found code_base: <app.utils.kg_build.knowledge.KnowledgeCodeBase object at 0x7f4a5462bf90>
2026-03-03 04:32:34,045 - Knowledge - INFO - persist ingested knowledge for /app/data/tevdevice9937/17/b8468m5/rdk-halif-aidl-17/docs/halif/key_concepts/hal/hal_properties.md
2026-03-03 04:32:34,369 - Knowledge - INFO - [MONGODB_OP] Completed: persist, Collection: file_info, Duration: 138ms
2026-03-03 04:32:34,823 - Knowledge - INFO - [REDIS_OP] Completed: store_embedding, Key: docs/halif/key_concepts/hal/hal_properties.md, Duration: 266ms
2026-03-03 04:32:35,049 - Knowledge - INFO - persist search terms embedding for docs/halif/key_concepts/hal/hal_properties.md
2026-03-03 04:32:35,235 - Knowledge - INFO - process ingested knowledge for /app/data/tevdevice9937/17/b8468m5/rdk-halif-aidl-17/docs/halif/key_concepts/hal/hal_properties.md
2026-03-03 04:32:35,401 - Knowledge - INFO - Found code-base-name: https://github.com/kavia-common/rdk-halif-aidl-17.git:kavia-develop-6801
2026-03-03 04:32:35,556 - Knowledge - INFO - Found code_base: <app.utils.kg_build.knowledge.KnowledgeCodeBase object at 0x7f4a5462bf90>
2026-03-03 04:32:35,845 - Knowledge - INFO - Found code-base-name: https://github.com/kavia-common/rdk-halif-aidl-17.git:kavia-develop-6801
2026-03-03 04:32:36,059 - Knowledge - INFO - Found code_base: <app.utils.kg_build.knowledge.KnowledgeCodeBase object at 0x7f4a5462bf90>
2026-03-03 04:32:36,240 - Knowledge - INFO - persist ingested knowledge for /app/data/tevdevice9937/17/b8468m5/rdk-halif-aidl-17/docs/vsi/filesystem/current/halif_logging_system_design.md
2026-03-03 04:32:36,563 - Knowledge - INFO - [MONGODB_OP] Completed: persist, Collection: file_info, Duration: 131ms
2026-03-03 04:32:37,012 - Knowledge - INFO - [REDIS_OP] Completed: store_embedding, Key: docs/vsi/filesystem/current/halif_logging_system_design.md, Duration: 279ms
2026-03-03 04:32:37,209 - Knowledge - INFO - persist search terms embedding for docs/vsi/filesystem/current/halif_logging_system_design.md
2026-03-03 04:32:37,419 - Knowledge - INFO - process ingested knowledge for /app/data/tevdevice9937/17/b8468m5/rdk-halif-aidl-17/docs/vsi/filesystem/current/halif_logging_system_design.md
2026-03-03 04:32:37,594 - Knowledge - INFO - Found code-base-name: https://github.com/kavia-common/rdk-halif-aidl-17.git:kavia-develop-6801
2026-03-03 04:32:37,765 - Knowledge - INFO - Found code_base: <app.utils.kg_build.knowledge.KnowledgeCodeBase object at 0x7f4a5462bf90>
2026-03-03 04:32:38,054 - Knowledge - INFO - Found code-base-name: https://github.com/kavia-common/rdk-halif-aidl-17.git:kavia-develop-6801
2026-03-03 04:32:38,257 - Knowledge - INFO - Found code_base: <app.utils.kg_build.knowledge.KnowledgeCodeBase object at 0x7f4a5462bf90>
2026-03-03 04:32:38,437 - Knowledge - INFO - persist ingested knowledge for /app/data/tevdevice9937/17/b8468m5/rdk-halif-aidl-17/videosink/current/hfp-videosink.yaml
2026-03-03 04:32:38,744 - Knowledge - INFO - [MONGODB_OP] Completed: persist, Collection: file_info, Duration: 109ms
2026-03-03 04:32:39,239 - Knowledge - INFO - [REDIS_OP] Completed: store_embedding, Key: videosink/current/hfp-videosink.yaml, Duration: 282ms
2026-03-03 04:32:39,405 - Knowledge - INFO - persist search terms embedding for videosink/current/hfp-videosink.yaml
2026-03-03 04:32:39,594 - Knowledge - INFO - process ingested knowledge for /app/data/tevdevice9937/17/b8468m5/rdk-halif-aidl-17/videosink/current/hfp-videosink.yaml
2026-03-03 04:32:39,816 - Knowledge - INFO - Found code-base-name: https://github.com/kavia-common/rdk-halif-aidl-17.git:kavia-develop-6801
2026-03-03 04:32:39,975 - Knowledge - INFO - Found code_base: <app.utils.kg_build.knowledge.KnowledgeCodeBase object at 0x7f4a5462bf90>
2026-03-03 04:32:40,242 - Knowledge - INFO - Found code-base-name: https://github.com/kavia-common/rdk-halif-aidl-17.git:kavia-develop-6801
2026-03-03 04:32:40,491 - Knowledge - INFO - Found code_base: <app.utils.kg_build.knowledge.KnowledgeCodeBase object at 0x7f4a5462bf90>
2026-03-03 04:32:40,714 - Knowledge - INFO - persist ingested knowledge for /app/data/tevdevice9937/17/b8468m5/rdk-halif-aidl-17/deviceinfo/current/hfp-deviceinfo.yaml
2026-03-03 04:32:41,061 - Knowledge - INFO - [MONGODB_OP] Completed: persist, Collection: file_info, Duration: 154ms
2026-03-03 04:32:41,584 - Knowledge - INFO - [REDIS_OP] Completed: store_embedding, Key: deviceinfo/current/hfp-deviceinfo.yaml, Duration: 356ms
2026-03-03 04:32:41,756 - Knowledge - INFO - persist search terms embedding for deviceinfo/current/hfp-deviceinfo.yaml
2026-03-03 04:32:41,922 - Knowledge - INFO - process ingested knowledge for /app/data/tevdevice9937/17/b8468m5/rdk-halif-aidl-17/deviceinfo/current/hfp-deviceinfo.yaml
2026-03-03 04:32:42,155 - Knowledge - INFO - Found code-base-name: https://github.com/kavia-common/rdk-halif-aidl-17.git:kavia-develop-6801
2026-03-03 04:32:42,319 - Knowledge - INFO - Found code_base: <app.utils.kg_build.knowledge.KnowledgeCodeBase object at 0x7f4a5462bf90>
2026-03-03 04:32:42,596 - Knowledge - INFO - Found code-base-name: https://github.com/kavia-common/rdk-halif-aidl-17.git:kavia-develop-6801
2026-03-03 04:32:42,785 - Knowledge - INFO - Found code_base: <app.utils.kg_build.knowledge.KnowledgeCodeBase object at 0x7f4a5462bf90>
2026-03-03 04:32:42,980 - Knowledge - INFO - persist ingested knowledge for /app/data/tevdevice9937/17/b8468m5/rdk-halif-aidl-17/README.md
2026-03-03 04:32:43,319 - Knowledge - INFO - [MONGODB_OP] Completed: persist, Collection: file_info, Duration: 130ms
2026-03-03 04:32:44,319 - Knowledge - INFO - [REDIS_OP] Completed: store_embedding, Key: README.md, Duration: 830ms
2026-03-03 04:32:44,510 - Knowledge - INFO - persist search terms embedding for README.md
2026-03-03 04:32:44,680 - Knowledge - INFO - process ingested knowledge for /app/data/tevdevice9937/17/b8468m5/rdk-halif-aidl-17/README.md
2026-03-03 04:32:44,895 - Knowledge - INFO - Found code-base-name: https://github.com/kavia-common/rdk-halif-aidl-17.git:kavia-develop-6801
2026-03-03 04:32:45,082 - Knowledge - INFO - Found code_base: <app.utils.kg_build.knowledge.KnowledgeCodeBase object at 0x7f4a5462bf90>
                                                                                                           2026-03-03 04:32:45,397 - Knowledge - INFO - Found code-base-name: https://github.com/kavia-common/rdk-halif-aidl-17.git:kavia-develop-6801
2026-03-03 04:32:45,573 - Knowledge - INFO - Found code_base: <app.utils.kg_build.knowledge.KnowledgeCodeBase object at 0x7f4a5462bf90>
2026-03-03 04:32:45,758 - Knowledge - INFO - persist ingested knowledge for /app/data/tevdevice9937/17/b8468m5/rdk-halif-aidl-17/flash/current/CMakeLists.txt
2026-03-03 04:32:46,061 - Knowledge - INFO - [MONGODB_OP] Completed: persist, Collection: file_info, Duration: 118ms
2026-03-03 04:32:47,075 - Knowledge - INFO - [REDIS_OP] Completed: store_embedding, Key: flash/current/CMakeLists.txt, Duration: 820ms
2026-03-03 04:32:47,238 - Knowledge - INFO - persist search terms embedding for flash/current/CMakeLists.txt
2026-03-03 04:32:47,430 - Knowledge - INFO - process ingested knowledge for /app/data/tevdevice9937/17/b8468m5/rdk-halif-aidl-17/flash/current/CMakeLists.txt
2026-03-03 04:32:47,635 - Knowledge - INFO - Found code-base-name: https://github.com/kavia-common/rdk-halif-aidl-17.git:kavia-develop-6801
2026-03-03 04:32:47,820 - Knowledge - INFO - Found code_base: <app.utils.kg_build.knowledge.KnowledgeCodeBase object at 0x7f4a5462bf90>
                                                   2026-03-03 04:32:48,154 - Knowledge - INFO - Found code-base-name: https://github.com/kavia-common/rdk-halif-aidl-17.git:kavia-develop-6801
2026-03-03 04:32:48,321 - Knowledge - INFO - Found code_base: <app.utils.kg_build.knowledge.KnowledgeCodeBase object at 0x7f4a5462bf90>
2026-03-03 04:32:48,476 - Knowledge - INFO - persist ingested knowledge for /app/data/tevdevice9937/17/b8468m5/rdk-halif-aidl-17/docs/halif/hdmi_input/current/hdmi_input.md
2026-03-03 04:32:48,784 - Knowledge - INFO - [MONGODB_OP] Completed: persist, Collection: file_info, Duration: 117ms
2026-03-03 04:32:49,263 - Knowledge - INFO - [REDIS_OP] Completed: store_embedding, Key: docs/halif/hdmi_input/current/hdmi_input.md, Duration: 266ms
2026-03-03 04:32:49,444 - Knowledge - INFO - persist search terms embedding for docs/halif/hdmi_input/current/hdmi_input.md
2026-03-03 04:32:49,681 - Knowledge - INFO - process ingested knowledge for /app/data/tevdevice9937/17/b8468m5/rdk-halif-aidl-17/docs/halif/hdmi_input/current/hdmi_input.md
2026-03-03 04:32:49,894 - Knowledge - INFO - Found code-base-name: https://github.com/kavia-common/rdk-halif-aidl-17.git:kavia-develop-6801
2026-03-03 04:32:50,098 - Knowledge - INFO - Found code_base: <app.utils.kg_build.knowledge.KnowledgeCodeBase object at 0x7f4a5462bf90>
2026-03-03 04:32:50,378 - Knowledge - INFO - Found code-base-name: https://github.com/kavia-common/rdk-halif-aidl-17.git:kavia-develop-6801
2026-03-03 04:32:50,556 - Knowledge - INFO - Found code_base: <app.utils.kg_build.knowledge.KnowledgeCodeBase object at 0x7f4a5462bf90>
2026-03-03 04:32:50,723 - Knowledge - INFO - persist ingested knowledge for /app/data/tevdevice9937/17/b8468m5/rdk-halif-aidl-17/audiodecoder/current/hfp-audiodecoder.yaml
2026-03-03 04:32:51,056 - Knowledge - INFO - [MONGODB_OP] Completed: persist, Collection: file_info, Duration: 127ms
2026-03-03 04:32:51,534 - Knowledge - INFO - [REDIS_OP] Completed: store_embedding, Key: audiodecoder/current/hfp-audiodecoder.yaml, Duration: 248ms
2026-03-03 04:32:51,683 - Knowledge - INFO - persist search terms embedding for audiodecoder/current/hfp-audiodecoder.yaml
2026-03-03 04:32:51,877 - Knowledge - INFO - process ingested knowledge for /app/data/tevdevice9937/17/b8468m5/rdk-halif-aidl-17/audiodecoder/current/hfp-audiodecoder.yaml
2026-03-03 04:32:52,080 - Knowledge - INFO - Found code-base-name: https://github.com/kavia-common/rdk-halif-aidl-17.git:kavia-develop-6801
2026-03-03 04:32:52,293 - Knowledge - INFO - Found code_base: <app.utils.kg_build.knowledge.KnowledgeCodeBase object at 0x7f4a5462bf90>
2026-03-03 04:32:52,575 - Knowledge - INFO - Found code-base-name: https://github.com/kavia-common/rdk-halif-aidl-17.git:kavia-develop-6801
2026-03-03 04:32:52,781 - Knowledge - INFO - Found code_base: <app.utils.kg_build.knowledge.KnowledgeCodeBase object at 0x7f4a5462bf90>
2026-03-03 04:32:52,948 - Knowledge - INFO - persist ingested knowledge for /app/data/tevdevice9937/17/b8468m5/rdk-halif-aidl-17/panel/current/hfp-panel.yaml
2026-03-03 04:32:53,259 - Knowledge - INFO - [MONGODB_OP] Completed: persist, Collection: file_info, Duration: 134ms
2026-03-03 04:32:53,727 - Knowledge - INFO - [REDIS_OP] Completed: store_embedding, Key: panel/current/hfp-panel.yaml, Duration: 302ms
2026-03-03 04:32:53,907 - Knowledge - INFO - persist search terms embedding for panel/current/hfp-panel.yaml
2026-03-03 04:32:54,124 - Knowledge - INFO - process ingested knowledge for /app/data/tevdevice9937/17/b8468m5/rdk-halif-aidl-17/panel/current/hfp-panel.yaml
2026-03-03 04:32:54,303 - Knowledge - INFO - Found code-base-name: https://github.com/kavia-common/rdk-halif-aidl-17.git:kavia-develop-6801
2026-03-03 04:32:54,517 - Knowledge - INFO - Found code_base: <app.utils.kg_build.knowledge.KnowledgeCodeBase object at 0x7f4a5462bf90>
                                  2026-03-03 04:32:54,864 - Knowledge - INFO - Found code-base-name: https://github.com/kavia-common/rdk-halif-aidl-17.git:kavia-develop-6801
2026-03-03 04:32:55,038 - Knowledge - INFO - Found code_base: <app.utils.kg_build.knowledge.KnowledgeCodeBase object at 0x7f4a5462bf90>
2026-03-03 04:32:55,241 - Knowledge - INFO - persist ingested knowledge for /app/data/tevdevice9937/17/b8468m5/rdk-halif-aidl-17/docs/halif/audio_mixer/current/intro.md
2026-03-03 04:32:55,549 - Knowledge - INFO - [MONGODB_OP] Completed: persist, Collection: file_info, Duration: 131ms
2026-03-03 04:32:55,984 - Knowledge - INFO - [REDIS_OP] Completed: store_embedding, Key: docs/halif/audio_mixer/current/intro.md, Duration: 253ms
2026-03-03 04:32:56,227 - Knowledge - INFO - persist search terms embedding for docs/halif/audio_mixer/current/intro.md
2026-03-03 04:32:56,425 - Knowledge - INFO - process ingested knowledge for /app/data/tevdevice9937/17/b8468m5/rdk-halif-aidl-17/docs/halif/audio_mixer/current/intro.md
2026-03-03 04:32:56,608 - Knowledge - INFO - Found code-base-name: https://github.com/kavia-common/rdk-halif-aidl-17.git:kavia-develop-6801
2026-03-03 04:32:56,787 - Knowledge - INFO - Found code_base: <app.utils.kg_build.knowledge.KnowledgeCodeBase object at 0x7f4a5462bf90>
                           2026-03-03 04:32:57,033 - Knowledge - INFO - Found code-base-name: https://github.com/kavia-common/rdk-halif-aidl-17.git:kavia-develop-6801
2026-03-03 04:32:57,212 - Knowledge - INFO - Found code_base: <app.utils.kg_build.knowledge.KnowledgeCodeBase object at 0x7f4a5462bf90>
2026-03-03 04:32:57,398 - Knowledge - INFO - persist ingested knowledge for /app/data/tevdevice9937/17/b8468m5/rdk-halif-aidl-17/cdm/hal_utils/hal_utils.cpp
2026-03-03 04:32:57,700 - Knowledge - INFO - [MONGODB_OP] Completed: persist, Collection: file_info, Duration: 118ms
2026-03-03 04:32:58,177 - Knowledge - INFO - [REDIS_OP] Completed: store_embedding, Key: cdm/hal_utils/hal_utils.cpp, Duration: 289ms
2026-03-03 04:32:58,337 - Knowledge - INFO - persist search terms embedding for cdm/hal_utils/hal_utils.cpp
2026-03-03 04:32:58,529 - Knowledge - INFO - process ingested knowledge for /app/data/tevdevice9937/17/b8468m5/rdk-halif-aidl-17/cdm/hal_utils/hal_utils.cpp
2026-03-03 04:32:58,696 - Knowledge - INFO - Found code-base-name: https://github.com/kavia-common/rdk-halif-aidl-17.git:kavia-develop-6801
2026-03-03 04:32:58,919 - Knowledge - INFO - Found code_base: <app.utils.kg_build.knowledge.KnowledgeCodeBase object at 0x7f4a5462bf90>
                                                                                     2026-03-03 04:32:59,195 - Knowledge - INFO - Found code-base-name: https://github.com/kavia-common/rdk-halif-aidl-17.git:kavia-develop-6801
2026-03-03 04:32:59,355 - Knowledge - INFO - Found code_base: <app.utils.kg_build.knowledge.KnowledgeCodeBase object at 0x7f4a5462bf90>
2026-03-03 04:32:59,546 - Knowledge - INFO - persist ingested knowledge for /app/data/tevdevice9937/17/b8468m5/rdk-halif-aidl-17/docs/halif/common/current/common.md
2026-03-03 04:32:59,817 - Knowledge - INFO - [MONGODB_OP] Completed: persist, Collection: file_info, Duration: 93ms
2026-03-03 04:33:00,251 - Knowledge - INFO - [REDIS_OP] Completed: store_embedding, Key: docs/halif/common/current/common.md, Duration: 279ms
2026-03-03 04:33:00,464 - Knowledge - INFO - persist search terms embedding for docs/halif/common/current/common.md
2026-03-03 04:33:00,727 - Knowledge - INFO - process ingested knowledge for /app/data/tevdevice9937/17/b8468m5/rdk-halif-aidl-17/docs/halif/common/current/common.md
2026-03-03 04:33:00,951 - Knowledge - INFO - Found code-base-name: https://github.com/kavia-common/rdk-halif-aidl-17.git:kavia-develop-6801
2026-03-03 04:33:01,147 - Knowledge - INFO - Found code_base: <app.utils.kg_build.knowledge.KnowledgeCodeBase object at 0x7f4a5462bf90>
                                                                      2026-03-03 04:33:01,422 - Knowledge - INFO - Found code-base-name: https://github.com/kavia-common/rdk-halif-aidl-17.git:kavia-develop-6801
2026-03-03 04:33:01,602 - Knowledge - INFO - Found code_base: <app.utils.kg_build.knowledge.KnowledgeCodeBase object at 0x7f4a5462bf90>
2026-03-03 04:33:01,774 - Knowledge - INFO - persist ingested knowledge for /app/data/tevdevice9937/17/b8468m5/rdk-halif-aidl-17/avclock/current/hfp-avclock.yaml
2026-03-03 04:33:02,072 - Knowledge - INFO - [MONGODB_OP] Completed: persist, Collection: file_info, Duration: 116ms
2026-03-03 04:33:02,487 - Knowledge - INFO - [REDIS_OP] Completed: store_embedding, Key: avclock/current/hfp-avclock.yaml, Duration: 243ms
2026-03-03 04:33:02,696 - Knowledge - INFO - persist search terms embedding for avclock/current/hfp-avclock.yaml
2026-03-03 04:33:02,895 - Knowledge - INFO - process ingested knowledge for /app/data/tevdevice9937/17/b8468m5/rdk-halif-aidl-17/avclock/current/hfp-avclock.yaml
2026-03-03 04:33:03,092 - Knowledge - INFO - Found code-base-name: https://github.com/kavia-common/rdk-halif-aidl-17.git:kavia-develop-6801
2026-03-03 04:33:03,288 - Knowledge - INFO - Found code_base: <app.utils.kg_build.knowledge.KnowledgeCodeBase object at 0x7f4a5462bf90>
                  2026-03-03 04:33:03,591 - Knowledge - INFO - Found code-base-name: https://github.com/kavia-common/rdk-halif-aidl-17.git:kavia-develop-6801
2026-03-03 04:33:03,784 - Knowledge - INFO - Found code_base: <app.utils.kg_build.knowledge.KnowledgeCodeBase object at 0x7f4a5462bf90>
2026-03-03 04:33:04,024 - Knowledge - INFO - persist ingested knowledge for /app/data/tevdevice9937/17/b8468m5/rdk-halif-aidl-17/cdm/hfp-cdm.yaml
2026-03-03 04:33:04,374 - Knowledge - INFO - [MONGODB_OP] Completed: persist, Collection: file_info, Duration: 119ms
2026-03-03 04:33:04,925 - Knowledge - INFO - [REDIS_OP] Completed: store_embedding, Key: cdm/hfp-cdm.yaml, Duration: 321ms
2026-03-03 04:33:05,114 - Knowledge - INFO - persist search terms embedding for cdm/hfp-cdm.yaml
2026-03-03 04:33:05,333 - Knowledge - INFO - process ingested knowledge for /app/data/tevdevice9937/17/b8468m5/rdk-halif-aidl-17/cdm/hfp-cdm.yaml
2026-03-03 04:33:05,569 - Knowledge - INFO - Found code-base-name: https://github.com/kavia-common/rdk-halif-aidl-17.git:kavia-develop-6801
2026-03-03 04:33:05,733 - Knowledge - INFO - Found code_base: <app.utils.kg_build.knowledge.KnowledgeCodeBase object at 0x7f4a5462bf90>
                                                           2026-03-03 04:33:05,988 - Knowledge - INFO - Found code-base-name: https://github.com/kavia-common/rdk-halif-aidl-17.git:kavia-develop-6801
2026-03-03 04:33:06,156 - Knowledge - INFO - Found code_base: <app.utils.kg_build.knowledge.KnowledgeCodeBase object at 0x7f4a5462bf90>
2026-03-03 04:33:06,336 - Knowledge - INFO - persist ingested knowledge for /app/data/tevdevice9937/17/b8468m5/rdk-halif-aidl-17/broadcast/current/hfp-broadcast.yaml
2026-03-03 04:33:06,632 - Knowledge - INFO - [MONGODB_OP] Completed: persist, Collection: file_info, Duration: 123ms
2026-03-03 04:33:07,114 - Knowledge - INFO - [REDIS_OP] Completed: store_embedding, Key: broadcast/current/hfp-broadcast.yaml, Duration: 318ms
2026-03-03 04:33:07,300 - Knowledge - INFO - persist search terms embedding for broadcast/current/hfp-broadcast.yaml
2026-03-03 04:33:07,503 - Knowledge - INFO - process ingested knowledge for /app/data/tevdevice9937/17/b8468m5/rdk-halif-aidl-17/broadcast/current/hfp-broadcast.yaml
2026-03-03 04:33:07,659 - Knowledge - INFO - Found code-base-name: https://github.com/kavia-common/rdk-halif-aidl-17.git:kavia-develop-6801
                                               2026-03-03 04:33:07,811 - Knowledge - INFO - Found code_base: <app.utils.kg_build.knowledge.KnowledgeCodeBase object at 0x7f4a5462bf90>
2026-03-03 04:33:08,132 - Knowledge - INFO - Found code-base-name: https://github.com/kavia-common/rdk-halif-aidl-17.git:kavia-develop-6801
2026-03-03 04:33:08,357 - Knowledge - INFO - Found code_base: <app.utils.kg_build.knowledge.KnowledgeCodeBase object at 0x7f4a5462bf90>
2026-03-03 04:33:08,539 - Knowledge - INFO - persist ingested knowledge for /app/data/tevdevice9937/17/b8468m5/rdk-halif-aidl-17/docs/halif/boot/current/boot.md
2026-03-03 04:33:08,841 - Knowledge - INFO - [MONGODB_OP] Completed: persist, Collection: file_info, Duration: 131ms
2026-03-03 04:33:09,328 - Knowledge - INFO - [REDIS_OP] Completed: store_embedding, Key: docs/halif/boot/current/boot.md, Duration: 295ms
2026-03-03 04:33:09,519 - Knowledge - INFO - persist search terms embedding for docs/halif/boot/current/boot.md
2026-03-03 04:33:09,718 - Knowledge - INFO - process ingested knowledge for /app/data/tevdevice9937/17/b8468m5/rdk-halif-aidl-17/docs/halif/boot/current/boot.md
2026-03-03 04:33:09,897 - Knowledge - INFO - Found code-base-name: https://github.com/kavia-common/rdk-halif-aidl-17.git:kavia-develop-6801
2026-03-03 04:33:10,127 - Knowledge - INFO - Found code_base: <app.utils.kg_build.knowledge.KnowledgeCodeBase object at 0x7f4a5462bf90>
2026-03-03 04:33:10,461 - Knowledge - INFO - Found code-base-name: https://github.com/kavia-common/rdk-halif-aidl-17.git:kavia-develop-6801
2026-03-03 04:33:10,653 - Knowledge - INFO - Found code_base: <app.utils.kg_build.knowledge.KnowledgeCodeBase object at 0x7f4a5462bf90>
2026-03-03 04:33:10,878 - Knowledge - INFO - persist ingested knowledge for /app/data/tevdevice9937/17/b8468m5/rdk-halif-aidl-17/docs/halif/video_decoder/current/video_decoder.md
2026-03-03 04:33:11,189 - Knowledge - INFO - [MONGODB_OP] Completed: persist, Collection: file_info, Duration: 154ms
2026-03-03 04:33:11,633 - Knowledge - INFO - [REDIS_OP] Completed: store_embedding, Key: docs/halif/video_decoder/current/video_decoder.md, Duration: 276ms
2026-03-03 04:33:11,842 - Knowledge - INFO - persist search terms embedding for docs/halif/video_decoder/current/video_decoder.md
2026-03-03 04:33:12,064 - Knowledge - INFO - process ingested knowledge for /app/data/tevdevice9937/17/b8468m5/rdk-halif-aidl-17/docs/halif/video_decoder/current/video_decoder.md
2026-03-03 04:33:12,261 - Knowledge - INFO - Found code-base-name: https://github.com/kavia-common/rdk-halif-aidl-17.git:kavia-develop-6801
2026-03-03 04:33:12,471 - Knowledge - INFO - Found code_base: <app.utils.kg_build.knowledge.KnowledgeCodeBase object at 0x7f4a5462bf90>
2026-03-03 04:33:12,733 - Knowledge - INFO - Found code-base-name: https://github.com/kavia-common/rdk-halif-aidl-17.git:kavia-develop-6801
2026-03-03 04:33:12,949 - Knowledge - INFO - Found code_base: <app.utils.kg_build.knowledge.KnowledgeCodeBase object at 0x7f4a5462bf90>
2026-03-03 04:33:13,136 - Knowledge - INFO - persist ingested knowledge for /app/data/tevdevice9937/17/b8468m5/rdk-halif-aidl-17/docs/halif/hdmi_cec/current/hdmi_cec.md
2026-03-03 04:33:13,442 - Knowledge - INFO - [MONGODB_OP] Completed: persist, Collection: file_info, Duration: 104ms
2026-03-03 04:33:13,935 - Knowledge - INFO - [REDIS_OP] Completed: store_embedding, Key: docs/halif/hdmi_cec/current/hdmi_cec.md, Duration: 273ms
2026-03-03 04:33:14,134 - Knowledge - INFO - persist search terms embedding for docs/halif/hdmi_cec/current/hdmi_cec.md
2026-03-03 04:33:14,335 - Knowledge - INFO - process ingested knowledge for /app/data/tevdevice9937/17/b8468m5/rdk-halif-aidl-17/docs/halif/hdmi_cec/current/hdmi_cec.md
2026-03-03 04:33:14,547 - Knowledge - INFO - Found code-base-name: https://github.com/kavia-common/rdk-halif-aidl-17.git:kavia-develop-6801
2026-03-03 04:33:14,911 - Knowledge - INFO - Found code_base: <app.utils.kg_build.knowledge.KnowledgeCodeBase object at 0x7f4a5462bf90>
2026-03-03 04:33:15,221 - Knowledge - INFO - Found code-base-name: https://github.com/kavia-common/rdk-halif-aidl-17.git:kavia-develop-6801
2026-03-03 04:33:15,375 - Knowledge - INFO - Found code_base: <app.utils.kg_build.knowledge.KnowledgeCodeBase object at 0x7f4a5462bf90>
2026-03-03 04:33:15,585 - Knowledge - INFO - persist ingested knowledge for /app/data/tevdevice9937/17/b8468m5/rdk-halif-aidl-17/docs/whitepapers/doxygen_code_documentation.md
2026-03-03 04:33:15,889 - Knowledge - INFO - [MONGODB_OP] Completed: persist, Collection: file_info, Duration: 134ms
2026-03-03 04:33:16,374 - Knowledge - INFO - [REDIS_OP] Completed: store_embedding, Key: docs/whitepapers/doxygen_code_documentation.md, Duration: 272ms
2026-03-03 04:33:16,584 - Knowledge - INFO - persist search terms embedding for docs/whitepapers/doxygen_code_documentation.md
2026-03-03 04:33:16,800 - Knowledge - INFO - process ingested knowledge for /app/data/tevdevice9937/17/b8468m5/rdk-halif-aidl-17/docs/whitepapers/doxygen_code_documentation.md
2026-03-03 04:33:16,996 - Knowledge - INFO - Found code-base-name: https://github.com/kavia-common/rdk-halif-aidl-17.git:kavia-develop-6801
2026-03-03 04:33:17,202 - Knowledge - INFO - Found code_base: <app.utils.kg_build.knowledge.KnowledgeCodeBase object at 0x7f4a5462bf90>
2026-03-03 04:33:17,516 - Knowledge - INFO - Found code-base-name: https://github.com/kavia-common/rdk-halif-aidl-17.git:kavia-develop-6801
2026-03-03 04:33:17,685 - Knowledge - INFO - Found code_base: <app.utils.kg_build.knowledge.KnowledgeCodeBase object at 0x7f4a5462bf90>
2026-03-03 04:33:17,883 - Knowledge - INFO - persist ingested knowledge for /app/data/tevdevice9937/17/b8468m5/rdk-halif-aidl-17/install_binder.sh
2026-03-03 04:33:18,145 - Knowledge - INFO - [MONGODB_OP] Completed: persist, Collection: file_info, Duration: 105ms
2026-03-03 04:33:18,613 - Knowledge - INFO - [REDIS_OP] Completed: store_embedding, Key: install_binder.sh, Duration: 291ms
2026-03-03 04:33:18,819 - Knowledge - INFO - persist search terms embedding for install_binder.sh
2026-03-03 04:33:19,013 - Knowledge - INFO - process ingested knowledge for /app/data/tevdevice9937/17/b8468m5/rdk-halif-aidl-17/install_binder.sh
2026-03-03 04:33:19,188 - Knowledge - INFO - Found code-base-name: https://github.com/kavia-common/rdk-halif-aidl-17.git:kavia-develop-6801
2026-03-03 04:33:19,344 - Knowledge - INFO - Found code_base: <app.utils.kg_build.knowledge.KnowledgeCodeBase object at 0x7f4a5462bf90>
2026-03-03 04:33:19,677 - Knowledge - INFO - Found code-base-name: https://github.com/kavia-common/rdk-halif-aidl-17.git:kavia-develop-6801
2026-03-03 04:33:19,862 - Knowledge - INFO - Found code_base: <app.utils.kg_build.knowledge.KnowledgeCodeBase object at 0x7f4a5462bf90>
2026-03-03 04:33:20,062 - Knowledge - INFO - persist ingested knowledge for /app/data/tevdevice9937/17/b8468m5/rdk-halif-aidl-17/docs/halif/sec_api/current/sec_api.md
2026-03-03 04:33:20,390 - Knowledge - INFO - [MONGODB_OP] Completed: persist, Collection: file_info, Duration: 139ms
2026-03-03 04:33:20,887 - Knowledge - INFO - [REDIS_OP] Completed: store_embedding, Key: docs/halif/sec_api/current/sec_api.md, Duration: 302ms
2026-03-03 04:33:21,050 - Knowledge - INFO - persist search terms embedding for docs/halif/sec_api/current/sec_api.md
2026-03-03 04:33:21,244 - Knowledge - INFO - process ingested knowledge for /app/data/tevdevice9937/17/b8468m5/rdk-halif-aidl-17/docs/halif/sec_api/current/sec_api.md
2026-03-03 04:33:21,418 - Knowledge - INFO - Found code-base-name: https://github.com/kavia-common/rdk-halif-aidl-17.git:kavia-develop-6801
2026-03-03 04:33:21,620 - Knowledge - INFO - Found code_base: <app.utils.kg_build.knowledge.KnowledgeCodeBase object at 0x7f4a5462bf90>
2026-03-03 04:33:21,916 - Knowledge - INFO - Found code-base-name: https://github.com/kavia-common/rdk-halif-aidl-17.git:kavia-develop-6801
2026-03-03 04:33:22,171 - Knowledge - INFO - Found code_base: <app.utils.kg_build.knowledge.KnowledgeCodeBase object at 0x7f4a5462bf90>
2026-03-03 04:33:22,372 - Knowledge - INFO - persist ingested knowledge for /app/data/tevdevice9937/17/b8468m5/rdk-halif-aidl-17/docs/halif/cdm/current/cdm.md
2026-03-03 04:33:22,653 - Knowledge - INFO - [MONGODB_OP] Completed: persist, Collection: file_info, Duration: 100ms
                                                                                       2026-03-03 04:33:23,074 - Knowledge - INFO - [REDIS_OP] Completed: store_embedding, Key: docs/halif/cdm/current/cdm.md, Duration: 230ms
2026-03-03 04:33:23,323 - Knowledge - INFO - persist search terms embedding for docs/halif/cdm/current/cdm.md
2026-03-03 04:33:23,515 - Knowledge - INFO - process ingested knowledge for /app/data/tevdevice9937/17/b8468m5/rdk-halif-aidl-17/docs/halif/cdm/current/cdm.md
2026-03-03 04:33:23,756 - Knowledge - INFO - Found code-base-name: https://github.com/kavia-common/rdk-halif-aidl-17.git:kavia-develop-6801
2026-03-03 04:33:23,919 - Knowledge - INFO - Found code_base: <app.utils.kg_build.knowledge.KnowledgeCodeBase object at 0x7f4a5462bf90>
2026-03-03 04:33:24,261 - Knowledge - INFO - Found code-base-name: https://github.com/kavia-common/rdk-halif-aidl-17.git:kavia-develop-6801
2026-03-03 04:33:24,465 - Knowledge - INFO - Found code_base: <app.utils.kg_build.knowledge.KnowledgeCodeBase object at 0x7f4a5462bf90>
2026-03-03 04:33:24,629 - Knowledge - INFO - persist ingested knowledge for /app/data/tevdevice9937/17/b8468m5/rdk-halif-aidl-17/hdmioutput/current/hfp-hdmioutput.yaml
2026-03-03 04:33:24,950 - Knowledge - INFO - [MONGODB_OP] Completed: persist, Collection: file_info, Duration: 166ms
2026-03-03 04:33:25,443 - Knowledge - INFO - [REDIS_OP] Completed: store_embedding, Key: hdmioutput/current/hfp-hdmioutput.yaml, Duration: 292ms
2026-03-03 04:33:25,637 - Knowledge - INFO - persist search terms embedding for hdmioutput/current/hfp-hdmioutput.yaml
2026-03-03 04:33:25,832 - Knowledge - INFO - process ingested knowledge for /app/data/tevdevice9937/17/b8468m5/rdk-halif-aidl-17/hdmioutput/current/hfp-hdmioutput.yaml
2026-03-03 04:33:26,013 - Knowledge - INFO - Found code-base-name: https://github.com/kavia-common/rdk-halif-aidl-17.git:kavia-develop-6801
2026-03-03 04:33:26,210 - Knowledge - INFO - Found code_base: <app.utils.kg_build.knowledge.KnowledgeCodeBase object at 0x7f4a5462bf90>
2026-03-03 04:33:26,484 - Knowledge - INFO - Found code-base-name: https://github.com/kavia-common/rdk-halif-aidl-17.git:kavia-develop-6801
2026-03-03 04:33:26,689 - Knowledge - INFO - Found code_base: <app.utils.kg_build.knowledge.KnowledgeCodeBase object at 0x7f4a5462bf90>
2026-03-03 04:33:26,875 - Knowledge - INFO - persist ingested knowledge for /app/data/tevdevice9937/17/b8468m5/rdk-halif-aidl-17/boot/current/CMakeLists.txt
2026-03-03 04:33:27,131 - Knowledge - INFO - [MONGODB_OP] Completed: persist, Collection: file_info, Duration: 101ms
2026-03-03 04:33:27,662 - Knowledge - INFO - [REDIS_OP] Completed: store_embedding, Key: boot/current/CMakeLists.txt, Duration: 313ms
2026-03-03 04:33:27,900 - Knowledge - INFO - persist search terms embedding for boot/current/CMakeLists.txt
2026-03-03 04:33:28,073 - Knowledge - INFO - process ingested knowledge for /app/data/tevdevice9937/17/b8468m5/rdk-halif-aidl-17/boot/current/CMakeLists.txt
2026-03-03 04:33:28,283 - Knowledge - INFO - Found code-base-name: https://github.com/kavia-common/rdk-halif-aidl-17.git:kavia-develop-6801
2026-03-03 04:33:28,468 - Knowledge - INFO - Found code_base: <app.utils.kg_build.knowledge.KnowledgeCodeBase object at 0x7f4a5462bf90>
2026-03-03 04:33:28,788 - Knowledge - INFO - Found code-base-name: https://github.com/kavia-common/rdk-halif-aidl-17.git:kavia-develop-6801
2026-03-03 04:33:29,016 - Knowledge - INFO - Found code_base: <app.utils.kg_build.knowledge.KnowledgeCodeBase object at 0x7f4a5462bf90>
2026-03-03 04:33:29,207 - Knowledge - INFO - persist ingested knowledge for /app/data/tevdevice9937/17/b8468m5/rdk-halif-aidl-17/compositeinput/current/hfp-compositeinput.yaml
2026-03-03 04:33:29,495 - Knowledge - INFO - [MONGODB_OP] Completed: persist, Collection: file_info, Duration: 122ms
2026-03-03 04:33:29,954 - Knowledge - INFO - [REDIS_OP] Completed: store_embedding, Key: compositeinput/current/hfp-compositeinput.yaml, Duration: 258ms
2026-03-03 04:33:30,137 - Knowledge - INFO - persist search terms embedding for compositeinput/current/hfp-compositeinput.yaml
2026-03-03 04:33:30,351 - Knowledge - INFO - process ingested knowledge for /app/data/tevdevice9937/17/b8468m5/rdk-halif-aidl-17/compositeinput/current/hfp-compositeinput.yaml
2026-03-03 04:33:30,560 - Knowledge - INFO - Found code-base-name: https://github.com/kavia-common/rdk-halif-aidl-17.git:kavia-develop-6801
2026-03-03 04:33:30,746 - Knowledge - INFO - Found code_base: <app.utils.kg_build.knowledge.KnowledgeCodeBase object at 0x7f4a5462bf90>
2026-03-03 04:33:31,056 - Knowledge - INFO - Found code-base-name: https://github.com/kavia-common/rdk-halif-aidl-17.git:kavia-develop-6801
2026-03-03 04:33:31,270 - Knowledge - INFO - Found code_base: <app.utils.kg_build.knowledge.KnowledgeCodeBase object at 0x7f4a5462bf90>
2026-03-03 04:33:31,481 - Knowledge - INFO - persist ingested knowledge for /app/data/tevdevice9937/17/b8468m5/rdk-halif-aidl-17/docs/halif/plane_control/current/plane_control.md
2026-03-03 04:33:31,758 - Knowledge - INFO - [MONGODB_OP] Completed: persist, Collection: file_info, Duration: 113ms
2026-03-03 04:33:32,256 - Knowledge - INFO - [REDIS_OP] Completed: store_embedding, Key: docs/halif/plane_control/current/plane_control.md, Duration: 281ms
2026-03-03 04:33:32,419 - Knowledge - INFO - persist search terms embedding for docs/halif/plane_control/current/plane_control.md
2026-03-03 04:33:32,617 - Knowledge - INFO - process ingested knowledge for /app/data/tevdevice9937/17/b8468m5/rdk-halif-aidl-17/docs/halif/plane_control/current/plane_control.md
2026-03-03 04:33:32,795 - Knowledge - INFO - Found code-base-name: https://github.com/kavia-common/rdk-halif-aidl-17.git:kavia-develop-6801
2026-03-03 04:33:32,998 - Knowledge - INFO - Found code_base: <app.utils.kg_build.knowledge.KnowledgeCodeBase object at 0x7f4a5462bf90>
2026-03-03 04:33:33,313 - Knowledge - INFO - Found code-base-name: https://github.com/kavia-common/rdk-halif-aidl-17.git:kavia-develop-6801
2026-03-03 04:33:33,490 - Knowledge - INFO - Found code_base: <app.utils.kg_build.knowledge.KnowledgeCodeBase object at 0x7f4a5462bf90>
2026-03-03 04:33:33,678 - Knowledge - INFO - persist ingested knowledge for /app/data/tevdevice9937/17/b8468m5/rdk-halif-aidl-17/copilot-instructions.md
2026-03-03 04:33:33,968 - Knowledge - INFO - [MONGODB_OP] Completed: persist, Collection: file_info, Duration: 122ms
2026-03-03 04:33:34,383 - Knowledge - INFO - [REDIS_OP] Completed: store_embedding, Key: copilot-instructions.md, Duration: 232ms
2026-03-03 04:33:34,582 - Knowledge - INFO - persist search terms embedding for copilot-instructions.md
2026-03-03 04:33:34,771 - Knowledge - INFO - process ingested knowledge for /app/data/tevdevice9937/17/b8468m5/rdk-halif-aidl-17/copilot-instructions.md
2026-03-03 04:33:34,955 - Knowledge - INFO - Found code-base-name: https://github.com/kavia-common/rdk-halif-aidl-17.git:kavia-develop-6801
2026-03-03 04:33:35,196 - Knowledge - INFO - Found code_base: <app.utils.kg_build.knowledge.KnowledgeCodeBase object at 0x7f4a5462bf90>
2026-03-03 04:33:35,460 - Knowledge - INFO - Found code-base-name: https://github.com/kavia-common/rdk-halif-aidl-17.git:kavia-develop-6801
2026-03-03 04:33:35,649 - Knowledge - INFO - Found code_base: <app.utils.kg_build.knowledge.KnowledgeCodeBase object at 0x7f4a5462bf90>
2026-03-03 04:33:35,802 - Knowledge - INFO - persist ingested knowledge for /app/data/tevdevice9937/17/b8468m5/rdk-halif-aidl-17/docs/halif/av_buffer/current/av_buffer.md
2026-03-03 04:33:36,145 - Knowledge - INFO - [MONGODB_OP] Completed: persist, Collection: file_info, Duration: 171ms
2026-03-03 04:33:36,580 - Knowledge - INFO - [REDIS_OP] Completed: store_embedding, Key: docs/halif/av_buffer/current/av_buffer.md, Duration: 259ms
2026-03-03 04:33:36,782 - Knowledge - INFO - persist search terms embedding for docs/halif/av_buffer/current/av_buffer.md
2026-03-03 04:33:36,983 - Knowledge - INFO - process ingested knowledge for /app/data/tevdevice9937/17/b8468m5/rdk-halif-aidl-17/docs/halif/av_buffer/current/av_buffer.md
2026-03-03 04:33:37,143 - Knowledge - INFO - Found code-base-name: https://github.com/kavia-common/rdk-halif-aidl-17.git:kavia-develop-6801
2026-03-03 04:33:37,365 - Knowledge - INFO - Found code_base: <app.utils.kg_build.knowledge.KnowledgeCodeBase object at 0x7f4a5462bf90>
2026-03-03 04:33:37,630 - Knowledge - INFO - Found code-base-name: https://github.com/kavia-common/rdk-halif-aidl-17.git:kavia-develop-6801
2026-03-03 04:33:37,810 - Knowledge - INFO - Found code_base: <app.utils.kg_build.knowledge.KnowledgeCodeBase object at 0x7f4a5462bf90>
2026-03-03 04:33:38,009 - Knowledge - INFO - persist ingested knowledge for /app/data/tevdevice9937/17/b8468m5/rdk-halif-aidl-17/CMakeModules/CompileAidl.cmake
2026-03-03 04:33:38,272 - Knowledge - INFO - [MONGODB_OP] Completed: persist, Collection: file_info, Duration: 110ms
2026-03-03 04:33:38,762 - Knowledge - INFO - [REDIS_OP] Completed: store_embedding, Key: CMakeModules/CompileAidl.cmake, Duration: 288ms
2026-03-03 04:33:38,966 - Knowledge - INFO - persist search terms embedding for CMakeModules/CompileAidl.cmake
2026-03-03 04:33:39,194 - Knowledge - INFO - process ingested knowledge for /app/data/tevdevice9937/17/b8468m5/rdk-halif-aidl-17/CMakeModules/CompileAidl.cmake
2026-03-03 04:33:39,407 - Knowledge - INFO - Found code-base-name: https://github.com/kavia-common/rdk-halif-aidl-17.git:kavia-develop-6801
2026-03-03 04:33:39,584 - Knowledge - INFO - Found code_base: <app.utils.kg_build.knowledge.KnowledgeCodeBase object at 0x7f4a5462bf90>
2026-03-03 04:33:39,848 - Knowledge - INFO - Found code-base-name: https://github.com/kavia-common/rdk-halif-aidl-17.git:kavia-develop-6801
2026-03-03 04:33:40,043 - Knowledge - INFO - Found code_base: <app.utils.kg_build.knowledge.KnowledgeCodeBase object at 0x7f4a5462bf90>
2026-03-03 04:33:40,214 - Knowledge - INFO - persist ingested knowledge for /app/data/tevdevice9937/17/b8468m5/rdk-halif-aidl-17/docs/vsi/graphics/current/graphics.md
2026-03-03 04:33:40,600 - Knowledge - INFO - [MONGODB_OP] Completed: persist, Collection: file_info, Duration: 193ms
2026-03-03 04:33:41,096 - Knowledge - INFO - [REDIS_OP] Completed: store_embedding, Key: docs/vsi/graphics/current/graphics.md, Duration: 324ms
2026-03-03 04:33:41,263 - Knowledge - INFO - persist search terms embedding for docs/vsi/graphics/current/graphics.md
2026-03-03 04:33:41,439 - Knowledge - INFO - process ingested knowledge for /app/data/tevdevice9937/17/b8468m5/rdk-halif-aidl-17/docs/vsi/graphics/current/graphics.md
2026-03-03 04:33:41,657 - Knowledge - INFO - Found code-base-name: https://github.com/kavia-common/rdk-halif-aidl-17.git:kavia-develop-6801
2026-03-03 04:33:41,810 - Knowledge - INFO - Found code_base: <app.utils.kg_build.knowledge.KnowledgeCodeBase object at 0x7f4a5462bf90>
2026-03-03 04:33:42,170 - Knowledge - INFO - Found code-base-name: https://github.com/kavia-common/rdk-halif-aidl-17.git:kavia-develop-6801
2026-03-03 04:33:42,315 - Knowledge - INFO - Found code_base: <app.utils.kg_build.knowledge.KnowledgeCodeBase object at 0x7f4a5462bf90>
2026-03-03 04:33:42,500 - Knowledge - INFO - persist ingested knowledge for /app/data/tevdevice9937/17/b8468m5/rdk-halif-aidl-17/docs/halif/panel/current/panel.md
2026-03-03 04:33:42,817 - Knowledge - INFO - [MONGODB_OP] Completed: persist, Collection: file_info, Duration: 137ms
2026-03-03 04:33:43,551 - Knowledge - INFO - [REDIS_OP] Completed: store_embedding, Key: docs/halif/panel/current/panel.md, Duration: 524ms
2026-03-03 04:33:43,774 - Knowledge - INFO - persist search terms embedding for docs/halif/panel/current/panel.md
2026-03-03 04:33:43,958 - Knowledge - INFO - process ingested knowledge for /app/data/tevdevice9937/17/b8468m5/rdk-halif-aidl-17/docs/halif/panel/current/panel.md
2026-03-03 04:33:44,121 - Knowledge - INFO - Found code-base-name: https://github.com/kavia-common/rdk-halif-aidl-17.git:kavia-develop-6801
2026-03-03 04:33:44,295 - Knowledge - INFO - Found code_base: <app.utils.kg_build.knowledge.KnowledgeCodeBase object at 0x7f4a5462bf90>
2026-03-03 04:33:44,625 - Knowledge - INFO - Found code-base-name: https://github.com/kavia-common/rdk-halif-aidl-17.git:kavia-develop-6801
2026-03-03 04:33:44,854 - Knowledge - INFO - Found code_base: <app.utils.kg_build.knowledge.KnowledgeCodeBase object at 0x7f4a5462bf90>
2026-03-03 04:33:45,069 - Knowledge - INFO - persist ingested knowledge for /app/data/tevdevice9937/17/b8468m5/rdk-halif-aidl-17/deviceinfo/current/CMakeLists.txt
2026-03-03 04:33:45,404 - Knowledge - INFO - [MONGODB_OP] Completed: persist, Collection: file_info, Duration: 156ms
2026-03-03 04:33:46,127 - Knowledge - INFO - [REDIS_OP] Completed: store_embedding, Key: deviceinfo/current/CMakeLists.txt, Duration: 520ms
2026-03-03 04:33:46,363 - Knowledge - INFO - persist search terms embedding for deviceinfo/current/CMakeLists.txt
2026-03-03 04:33:46,537 - Knowledge - INFO - process ingested knowledge for /app/data/tevdevice9937/17/b8468m5/rdk-halif-aidl-17/deviceinfo/current/CMakeLists.txt
2026-03-03 04:33:46,713 - Knowledge - INFO - Found code-base-name: https://github.com/kavia-common/rdk-halif-aidl-17.git:kavia-develop-6801
2026-03-03 04:33:46,917 - Knowledge - INFO - Found code_base: <app.utils.kg_build.knowledge.KnowledgeCodeBase object at 0x7f4a5462bf90>
2026-03-03 04:33:47,188 - Knowledge - INFO - Found code-base-name: https://github.com/kavia-common/rdk-halif-aidl-17.git:kavia-develop-6801
2026-03-03 04:33:47,386 - Knowledge - INFO - Found code_base: <app.utils.kg_build.knowledge.KnowledgeCodeBase object at 0x7f4a5462bf90>
2026-03-03 04:33:47,552 - Knowledge - INFO - persist ingested knowledge for /app/data/tevdevice9937/17/b8468m5/rdk-halif-aidl-17/docs/scripts/build_interfaces.sh
2026-03-03 04:33:47,860 - Knowledge - INFO - [MONGODB_OP] Completed: persist, Collection: file_info, Duration: 156ms
2026-03-03 04:33:48,374 - Knowledge - INFO - [REDIS_OP] Completed: store_embedding, Key: docs/scripts/build_interfaces.sh, Duration: 371ms
2026-03-03 04:33:48,569 - Knowledge - INFO - persist search terms embedding for docs/scripts/build_interfaces.sh
2026-03-03 04:33:48,785 - Knowledge - INFO - process ingested knowledge for /app/data/tevdevice9937/17/b8468m5/rdk-halif-aidl-17/docs/scripts/build_interfaces.sh
2026-03-03 04:33:48,959 - Knowledge - INFO - Found code-base-name: https://github.com/kavia-common/rdk-halif-aidl-17.git:kavia-develop-6801
2026-03-03 04:33:49,128 - Knowledge - INFO - Found code_base: <app.utils.kg_build.knowledge.KnowledgeCodeBase object at 0x7f4a5462bf90>
2026-03-03 04:33:49,400 - Knowledge - INFO - Found code-base-name: https://github.com/kavia-common/rdk-halif-aidl-17.git:kavia-develop-6801
2026-03-03 04:33:49,581 - Knowledge - INFO - Found code_base: <app.utils.kg_build.knowledge.KnowledgeCodeBase object at 0x7f4a5462bf90>
2026-03-03 04:33:49,769 - Knowledge - INFO - persist ingested knowledge for /app/data/tevdevice9937/17/b8468m5/rdk-halif-aidl-17/audiosink/current/hfp-audiosink.yaml
2026-03-03 04:33:50,086 - Knowledge - INFO - [MONGODB_OP] Completed: persist, Collection: file_info, Duration: 126ms
2026-03-03 04:33:50,600 - Knowledge - INFO - [REDIS_OP] Completed: store_embedding, Key: audiosink/current/hfp-audiosink.yaml, Duration: 318ms
2026-03-03 04:33:50,761 - Knowledge - INFO - persist search terms embedding for audiosink/current/hfp-audiosink.yaml
2026-03-03 04:33:50,961 - Knowledge - INFO - process ingested knowledge for /app/data/tevdevice9937/17/b8468m5/rdk-halif-aidl-17/audiosink/current/hfp-audiosink.yaml
2026-03-03 04:33:51,149 - Knowledge - INFO - Found code-base-name: https://github.com/kavia-common/rdk-halif-aidl-17.git:kavia-develop-6801
2026-03-03 04:33:51,314 - Knowledge - INFO - Found code_base: <app.utils.kg_build.knowledge.KnowledgeCodeBase object at 0x7f4a5462bf90>
2026-03-03 04:33:51,604 - Knowledge - INFO - Found code-base-name: https://github.com/kavia-common/rdk-halif-aidl-17.git:kavia-develop-6801
2026-03-03 04:33:51,767 - Knowledge - INFO - Found code_base: <app.utils.kg_build.knowledge.KnowledgeCodeBase object at 0x7f4a5462bf90>
2026-03-03 04:33:51,930 - Knowledge - INFO - persist ingested knowledge for /app/data/tevdevice9937/17/b8468m5/rdk-halif-aidl-17/docs/scripts/rewrite_wiki_links.py
2026-03-03 04:33:52,255 - Knowledge - INFO - [MONGODB_OP] Completed: persist, Collection: file_info, Duration: 135ms
2026-03-03 04:33:52,739 - Knowledge - INFO - [REDIS_OP] Completed: store_embedding, Key: docs/scripts/rewrite_wiki_links.py, Duration: 263ms
2026-03-03 04:33:52,951 - Knowledge - INFO - persist search terms embedding for docs/scripts/rewrite_wiki_links.py
2026-03-03 04:33:53,133 - Knowledge - INFO - process ingested knowledge for /app/data/tevdevice9937/17/b8468m5/rdk-halif-aidl-17/docs/scripts/rewrite_wiki_links.py
2026-03-03 04:33:53,337 - Knowledge - INFO - Found code-base-name: https://github.com/kavia-common/rdk-halif-aidl-17.git:kavia-develop-6801
2026-03-03 04:33:53,543 - Knowledge - INFO - Found code_base: <app.utils.kg_build.knowledge.KnowledgeCodeBase object at 0x7f4a5462bf90>
2026-03-03 04:33:53,806 - Knowledge - INFO - Found code-base-name: https://github.com/kavia-common/rdk-halif-aidl-17.git:kavia-develop-6801
2026-03-03 04:33:53,995 - Knowledge - INFO - Found code_base: <app.utils.kg_build.knowledge.KnowledgeCodeBase object at 0x7f4a5462bf90>
2026-03-03 04:33:54,192 - Knowledge - INFO - persist ingested knowledge for /app/data/tevdevice9937/17/b8468m5/rdk-halif-aidl-17/docs/vsi/kernel/current/kernel.md
2026-03-03 04:33:54,504 - Knowledge - INFO - [MONGODB_OP] Completed: persist, Collection: file_info, Duration: 117ms
2026-03-03 04:33:54,931 - Knowledge - INFO - [REDIS_OP] Completed: store_embedding, Key: docs/vsi/kernel/current/kernel.md, Duration: 252ms
2026-03-03 04:33:55,099 - Knowledge - INFO - persist search terms embedding for docs/vsi/kernel/current/kernel.md
2026-03-03 04:33:55,249 - Knowledge - INFO - process ingested knowledge for /app/data/tevdevice9937/17/b8468m5/rdk-halif-aidl-17/docs/vsi/kernel/current/kernel.md
2026-03-03 04:33:55,434 - Knowledge - INFO - Found code-base-name: https://github.com/kavia-common/rdk-halif-aidl-17.git:kavia-develop-6801
2026-03-03 04:33:55,616 - Knowledge - INFO - Found code_base: <app.utils.kg_build.knowledge.KnowledgeCodeBase object at 0x7f4a5462bf90>
2026-03-03 04:33:55,952 - Knowledge - INFO - Found code-base-name: https://github.com/kavia-common/rdk-halif-aidl-17.git:kavia-develop-6801
2026-03-03 04:33:56,159 - Knowledge - INFO - Found code_base: <app.utils.kg_build.knowledge.KnowledgeCodeBase object at 0x7f4a5462bf90>
2026-03-03 04:33:56,369 - Knowledge - INFO - persist ingested knowledge for /app/data/tevdevice9937/17/b8468m5/rdk-halif-aidl-17/videosink/current/CMakeLists.txt
2026-03-03 04:33:56,664 - Knowledge - INFO - [MONGODB_OP] Completed: persist, Collection: file_info, Duration: 111ms
2026-03-03 04:33:57,095 - Knowledge - INFO - [REDIS_OP] Completed: store_embedding, Key: videosink/current/CMakeLists.txt, Duration: 261ms
2026-03-03 04:33:57,268 - Knowledge - INFO - persist search terms embedding for videosink/current/CMakeLists.txt
2026-03-03 04:33:57,437 - Knowledge - INFO - process ingested knowledge for /app/data/tevdevice9937/17/b8468m5/rdk-halif-aidl-17/videosink/current/CMakeLists.txt
2026-03-03 04:33:57,674 - Knowledge - INFO - Found code-base-name: https://github.com/kavia-common/rdk-halif-aidl-17.git:kavia-develop-6801
2026-03-03 04:33:57,867 - Knowledge - INFO - Found code_base: <app.utils.kg_build.knowledge.KnowledgeCodeBase object at 0x7f4a5462bf90>
2026-03-03 04:33:58,146 - Knowledge - INFO - Found code-base-name: https://github.com/kavia-common/rdk-halif-aidl-17.git:kavia-develop-6801
2026-03-03 04:33:58,327 - Knowledge - INFO - Found code_base: <app.utils.kg_build.knowledge.KnowledgeCodeBase object at 0x7f4a5462bf90>
2026-03-03 04:33:58,490 - Knowledge - INFO - persist ingested knowledge for /app/data/tevdevice9937/17/b8468m5/rdk-halif-aidl-17/deepsleep/current/hfp-deepsleep.yaml
2026-03-03 04:33:58,849 - Knowledge - INFO - [MONGODB_OP] Completed: persist, Collection: file_info, Duration: 113ms
2026-03-03 04:33:59,303 - Knowledge - INFO - [REDIS_OP] Completed: store_embedding, Key: deepsleep/current/hfp-deepsleep.yaml, Duration: 294ms
2026-03-03 04:33:59,480 - Knowledge - INFO - persist search terms embedding for deepsleep/current/hfp-deepsleep.yaml
2026-03-03 04:33:59,650 - Knowledge - INFO - process ingested knowledge for /app/data/tevdevice9937/17/b8468m5/rdk-halif-aidl-17/deepsleep/current/hfp-deepsleep.yaml
2026-03-03 04:33:59,846 - Knowledge - INFO - Found code-base-name: https://github.com/kavia-common/rdk-halif-aidl-17.git:kavia-develop-6801
2026-03-03 04:34:00,008 - Knowledge - INFO - Found code_base: <app.utils.kg_build.knowledge.KnowledgeCodeBase object at 0x7f4a5462bf90>
2026-03-03 04:34:00,307 - Knowledge - INFO - Found code-base-name: https://github.com/kavia-common/rdk-halif-aidl-17.git:kavia-develop-6801
2026-03-03 04:34:00,488 - Knowledge - INFO - Found code_base: <app.utils.kg_build.knowledge.KnowledgeCodeBase object at 0x7f4a5462bf90>
2026-03-03 04:34:00,704 - Knowledge - INFO - persist ingested knowledge for /app/data/tevdevice9937/17/b8468m5/rdk-halif-aidl-17/docs/introduction/build_binder_tools.md
2026-03-03 04:34:01,003 - Knowledge - INFO - [MONGODB_OP] Completed: persist, Collection: file_info, Duration: 116ms
2026-03-03 04:34:01,494 - Knowledge - INFO - [REDIS_OP] Completed: store_embedding, Key: docs/introduction/build_binder_tools.md, Duration: 305ms
2026-03-03 04:34:01,712 - Knowledge - INFO - persist search terms embedding for docs/introduction/build_binder_tools.md
2026-03-03 04:34:01,872 - Knowledge - INFO - process ingested knowledge for /app/data/tevdevice9937/17/b8468m5/rdk-halif-aidl-17/docs/introduction/build_binder_tools.md
2026-03-03 04:34:02,067 - Knowledge - INFO - Found code-base-name: https://github.com/kavia-common/rdk-halif-aidl-17.git:kavia-develop-6801
2026-03-03 04:34:02,253 - Knowledge - INFO - Found code_base: <app.utils.kg_build.knowledge.KnowledgeCodeBase object at 0x7f4a5462bf90>
2026-03-03 04:34:02,525 - Knowledge - INFO - Found code-base-name: https://github.com/kavia-common/rdk-halif-aidl-17.git:kavia-develop-6801
2026-03-03 04:34:02,723 - Knowledge - INFO - Found code_base: <app.utils.kg_build.knowledge.KnowledgeCodeBase object at 0x7f4a5462bf90>
2026-03-03 04:34:02,921 - Knowledge - INFO - persist ingested knowledge for /app/data/tevdevice9937/17/b8468m5/rdk-halif-aidl-17/docs/vsi/systemd/current/systemd.md
2026-03-03 04:34:03,255 - Knowledge - INFO - [MONGODB_OP] Completed: persist, Collection: file_info, Duration: 120ms
2026-03-03 04:34:03,670 - Knowledge - INFO - [REDIS_OP] Completed: store_embedding, Key: docs/vsi/systemd/current/systemd.md, Duration: 226ms
2026-03-03 04:34:03,847 - Knowledge - INFO - persist search terms embedding for docs/vsi/systemd/current/systemd.md
2026-03-03 04:34:04,084 - Knowledge - INFO - process ingested knowledge for /app/data/tevdevice9937/17/b8468m5/rdk-halif-aidl-17/docs/vsi/systemd/current/systemd.md
2026-03-03 04:34:04,268 - Knowledge - INFO - Found code-base-name: https://github.com/kavia-common/rdk-halif-aidl-17.git:kavia-develop-6801
2026-03-03 04:34:04,460 - Knowledge - INFO - Found code_base: <app.utils.kg_build.knowledge.KnowledgeCodeBase object at 0x7f4a5462bf90>
2026-03-03 04:34:04,754 - Knowledge - INFO - Found code-base-name: https://github.com/kavia-common/rdk-halif-aidl-17.git:kavia-develop-6801
2026-03-03 04:34:04,925 - Knowledge - INFO - Found code_base: <app.utils.kg_build.knowledge.KnowledgeCodeBase object at 0x7f4a5462bf90>
2026-03-03 04:34:05,132 - Knowledge - INFO - persist ingested knowledge for /app/data/tevdevice9937/17/b8468m5/rdk-halif-aidl-17/audiodecoder/current/CMakeLists.txt
2026-03-03 04:34:05,409 - Knowledge - INFO - [MONGODB_OP] Completed: persist, Collection: file_info, Duration: 113ms
2026-03-03 04:34:05,908 - Knowledge - INFO - [REDIS_OP] Completed: store_embedding, Key: audiodecoder/current/CMakeLists.txt, Duration: 284ms
2026-03-03 04:34:06,100 - Knowledge - INFO - persist search terms embedding for audiodecoder/current/CMakeLists.txt
2026-03-03 04:34:06,252 - Knowledge - INFO - process ingested knowledge for /app/data/tevdevice9937/17/b8468m5/rdk-halif-aidl-17/audiodecoder/current/CMakeLists.txt
2026-03-03 04:34:06,421 - Knowledge - INFO - Found code-base-name: https://github.com/kavia-common/rdk-halif-aidl-17.git:kavia-develop-6801
2026-03-03 04:34:06,602 - Knowledge - INFO - Found code_base: <app.utils.kg_build.knowledge.KnowledgeCodeBase object at 0x7f4a5462bf90>
2026-03-03 04:34:06,921 - Knowledge - INFO - Found code-base-name: https://github.com/kavia-common/rdk-halif-aidl-17.git:kavia-develop-6801
2026-03-03 04:34:07,078 - Knowledge - INFO - Found code_base: <app.utils.kg_build.knowledge.KnowledgeCodeBase object at 0x7f4a5462bf90>
2026-03-03 04:34:07,266 - Knowledge - INFO - persist ingested knowledge for /app/data/tevdevice9937/17/b8468m5/rdk-halif-aidl-17/docs/halif/key_concepts/hal/hal_feature_profiles.md
2026-03-03 04:34:07,585 - Knowledge - INFO - [MONGODB_OP] Completed: persist, Collection: file_info, Duration: 115ms
2026-03-03 04:34:08,146 - Knowledge - INFO - [REDIS_OP] Completed: store_embedding, Key: docs/halif/key_concepts/hal/hal_feature_profiles.md, Duration: 395ms
2026-03-03 04:34:08,325 - Knowledge - INFO - persist search terms embedding for docs/halif/key_concepts/hal/hal_feature_profiles.md
2026-03-03 04:34:08,531 - Knowledge - INFO - process ingested knowledge for /app/data/tevdevice9937/17/b8468m5/rdk-halif-aidl-17/docs/halif/key_concepts/hal/hal_feature_profiles.md
2026-03-03 04:34:08,739 - Knowledge - INFO - Found code-base-name: https://github.com/kavia-common/rdk-halif-aidl-17.git:kavia-develop-6801
2026-03-03 04:34:08,896 - Knowledge - INFO - Found code_base: <app.utils.kg_build.knowledge.KnowledgeCodeBase object at 0x7f4a5462bf90>
2026-03-03 04:34:09,151 - Knowledge - INFO - Found code-base-name: https://github.com/kavia-common/rdk-halif-aidl-17.git:kavia-develop-6801
2026-03-03 04:34:09,313 - Knowledge - INFO - Found code_base: <app.utils.kg_build.knowledge.KnowledgeCodeBase object at 0x7f4a5462bf90>
2026-03-03 04:34:09,508 - Knowledge - INFO - persist ingested knowledge for /app/data/tevdevice9937/17/b8468m5/rdk-halif-aidl-17/CHANGELOG.md
2026-03-03 04:34:09,753 - Knowledge - INFO - [MONGODB_OP] Completed: persist, Collection: file_info, Duration: 99ms
2026-03-03 04:34:10,243 - Knowledge - INFO - [REDIS_OP] Completed: store_embedding, Key: CHANGELOG.md, Duration: 276ms
2026-03-03 04:34:10,442 - Knowledge - INFO - persist search terms embedding for CHANGELOG.md
2026-03-03 04:34:10,635 - Knowledge - INFO - process ingested knowledge for /app/data/tevdevice9937/17/b8468m5/rdk-halif-aidl-17/CHANGELOG.md
2026-03-03 04:34:10,815 - Knowledge - INFO - Found code-base-name: https://github.com/kavia-common/rdk-halif-aidl-17.git:kavia-develop-6801
2026-03-03 04:34:11,015 - Knowledge - INFO - Found code_base: <app.utils.kg_build.knowledge.KnowledgeCodeBase object at 0x7f4a5462bf90>
2026-03-03 04:34:11,286 - Knowledge - INFO - Found code-base-name: https://github.com/kavia-common/rdk-halif-aidl-17.git:kavia-develop-6801
2026-03-03 04:34:11,504 - Knowledge - INFO - Found code_base: <app.utils.kg_build.knowledge.KnowledgeCodeBase object at 0x7f4a5462bf90>
2026-03-03 04:34:11,684 - Knowledge - INFO - persist ingested knowledge for /app/data/tevdevice9937/17/b8468m5/rdk-halif-aidl-17/docs/introduction/aidl_and_binder.md
2026-03-03 04:34:11,969 - Knowledge - INFO - [MONGODB_OP] Completed: persist, Collection: file_info, Duration: 117ms
2026-03-03 04:34:12,425 - Knowledge - INFO - [REDIS_OP] Completed: store_embedding, Key: docs/introduction/aidl_and_binder.md, Duration: 291ms
2026-03-03 04:34:12,609 - Knowledge - INFO - persist search terms embedding for docs/introduction/aidl_and_binder.md
2026-03-03 04:34:12,778 - Knowledge - INFO - process ingested knowledge for /app/data/tevdevice9937/17/b8468m5/rdk-halif-aidl-17/docs/introduction/aidl_and_binder.md
2026-03-03 04:34:12,983 - Knowledge - INFO - Found code-base-name: https://github.com/kavia-common/rdk-halif-aidl-17.git:kavia-develop-6801
2026-03-03 04:34:13,160 - Knowledge - INFO - Found code_base: <app.utils.kg_build.knowledge.KnowledgeCodeBase object at 0x7f4a5462bf90>
2026-03-03 04:34:13,501 - Knowledge - INFO - Found code-base-name: https://github.com/kavia-common/rdk-halif-aidl-17.git:kavia-develop-6801
2026-03-03 04:34:13,656 - Knowledge - INFO - Found code_base: <app.utils.kg_build.knowledge.KnowledgeCodeBase object at 0x7f4a5462bf90>
2026-03-03 04:34:13,848 - Knowledge - INFO - persist ingested knowledge for /app/data/tevdevice9937/17/b8468m5/rdk-halif-aidl-17/videodecoder/current/hfp-videodecoder.yaml
2026-03-03 04:34:14,147 - Knowledge - INFO - [MONGODB_OP] Completed: persist, Collection: file_info, Duration: 111ms
2026-03-03 04:34:14,544 - Knowledge - INFO - [REDIS_OP] Completed: store_embedding, Key: videodecoder/current/hfp-videodecoder.yaml, Duration: 219ms
2026-03-03 04:34:14,716 - Knowledge - INFO - persist search terms embedding for videodecoder/current/hfp-videodecoder.yaml
2026-03-03 04:34:14,918 - Knowledge - INFO - process ingested knowledge for /app/data/tevdevice9937/17/b8468m5/rdk-halif-aidl-17/videodecoder/current/hfp-videodecoder.yaml
2026-03-03 04:34:15,083 - Knowledge - INFO - Found code-base-name: https://github.com/kavia-common/rdk-halif-aidl-17.git:kavia-develop-6801
2026-03-03 04:34:15,281 - Knowledge - INFO - Found code_base: <app.utils.kg_build.knowledge.KnowledgeCodeBase object at 0x7f4a5462bf90>
2026-03-03 04:34:15,568 - Knowledge - INFO - Found code-base-name: https://github.com/kavia-common/rdk-halif-aidl-17.git:kavia-develop-6801
2026-03-03 04:34:15,758 - Knowledge - INFO - Found code_base: <app.utils.kg_build.knowledge.KnowledgeCodeBase object at 0x7f4a5462bf90>
2026-03-03 04:34:15,904 - Knowledge - INFO - persist ingested knowledge for /app/data/tevdevice9937/17/b8468m5/rdk-halif-aidl-17/docs/halif/key_concepts/hal/hal_naming_conventions.md
2026-03-03 04:34:16,233 - Knowledge - INFO - [MONGODB_OP] Completed: persist, Collection: file_info, Duration: 156ms
2026-03-03 04:34:16,687 - Knowledge - INFO - [REDIS_OP] Completed: store_embedding, Key: docs/halif/key_concepts/hal/hal_naming_conventions.md, Duration: 273ms
2026-03-03 04:34:16,875 - Knowledge - INFO - persist search terms embedding for docs/halif/key_concepts/hal/hal_naming_conventions.md
2026-03-03 04:34:17,057 - Knowledge - INFO - process ingested knowledge for /app/data/tevdevice9937/17/b8468m5/rdk-halif-aidl-17/docs/halif/key_concepts/hal/hal_naming_conventions.md
2026-03-03 04:34:17,259 - Knowledge - INFO - Found code-base-name: https://github.com/kavia-common/rdk-halif-aidl-17.git:kavia-develop-6801
2026-03-03 04:34:17,443 - Knowledge - INFO - Found code_base: <app.utils.kg_build.knowledge.KnowledgeCodeBase object at 0x7f4a5462bf90>
2026-03-03 04:34:17,721 - Knowledge - INFO - Found code-base-name: https://github.com/kavia-common/rdk-halif-aidl-17.git:kavia-develop-6801
2026-03-03 04:34:17,910 - Knowledge - INFO - Found code_base: <app.utils.kg_build.knowledge.KnowledgeCodeBase object at 0x7f4a5462bf90>
2026-03-03 04:34:18,121 - Knowledge - INFO - persist ingested knowledge for /app/data/tevdevice9937/17/b8468m5/rdk-halif-aidl-17/docs/halif/audio_sink/current/audio_sink.md
2026-03-03 04:34:18,403 - Knowledge - INFO - [MONGODB_OP] Completed: persist, Collection: file_info, Duration: 110ms
2026-03-03 04:34:18,887 - Knowledge - INFO - [REDIS_OP] Completed: store_embedding, Key: docs/halif/audio_sink/current/audio_sink.md, Duration: 300ms
2026-03-03 04:34:19,062 - Knowledge - INFO - persist search terms embedding for docs/halif/audio_sink/current/audio_sink.md
2026-03-03 04:34:19,261 - Knowledge - INFO - process ingested knowledge for /app/data/tevdevice9937/17/b8468m5/rdk-halif-aidl-17/docs/halif/audio_sink/current/audio_sink.md
2026-03-03 04:34:19,444 - Knowledge - INFO - Found code-base-name: https://github.com/kavia-common/rdk-halif-aidl-17.git:kavia-develop-6801
2026-03-03 04:34:19,628 - Knowledge - INFO - Found code_base: <app.utils.kg_build.knowledge.KnowledgeCodeBase object at 0x7f4a5462bf90>
2026-03-03 04:34:19,901 - Knowledge - INFO - Found code-base-name: https://github.com/kavia-common/rdk-halif-aidl-17.git:kavia-develop-6801
2026-03-03 04:34:20,069 - Knowledge - INFO - Found code_base: <app.utils.kg_build.knowledge.KnowledgeCodeBase object at 0x7f4a5462bf90>
2026-03-03 04:34:20,248 - Knowledge - INFO - persist ingested knowledge for /app/data/tevdevice9937/17/b8468m5/rdk-halif-aidl-17/docs/vsi/wifi/current/wifi.md
2026-03-03 04:34:20,571 - Knowledge - INFO - [MONGODB_OP] Completed: persist, Collection: file_info, Duration: 121ms
2026-03-03 04:34:21,122 - Knowledge - INFO - [REDIS_OP] Completed: store_embedding, Key: docs/vsi/wifi/current/wifi.md, Duration: 380ms
2026-03-03 04:34:21,296 - Knowledge - INFO - persist search terms embedding for docs/vsi/wifi/current/wifi.md
2026-03-03 04:34:21,503 - Knowledge - INFO - process ingested knowledge for /app/data/tevdevice9937/17/b8468m5/rdk-halif-aidl-17/docs/vsi/wifi/current/wifi.md
2026-03-03 04:34:21,671 - Knowledge - INFO - Found code-base-name: https://github.com/kavia-common/rdk-halif-aidl-17.git:kavia-develop-6801
2026-03-03 04:34:21,837 - Knowledge - INFO - Found code_base: <app.utils.kg_build.knowledge.KnowledgeCodeBase object at 0x7f4a5462bf90>
2026-03-03 04:34:22,125 - Knowledge - INFO - Found code-base-name: https://github.com/kavia-common/rdk-halif-aidl-17.git:kavia-develop-6801
2026-03-03 04:34:22,319 - Knowledge - INFO - Found code_base: <app.utils.kg_build.knowledge.KnowledgeCodeBase object at 0x7f4a5462bf90>
2026-03-03 04:34:22,469 - Knowledge - INFO - persist ingested knowledge for /app/data/tevdevice9937/17/b8468m5/rdk-halif-aidl-17/docs/halif/flash/current/flash.md
2026-03-03 04:34:22,759 - Knowledge - INFO - [MONGODB_OP] Completed: persist, Collection: file_info, Duration: 126ms
2026-03-03 04:34:23,194 - Knowledge - INFO - [REDIS_OP] Completed: store_embedding, Key: docs/halif/flash/current/flash.md, Duration: 250ms
2026-03-03 04:34:23,376 - Knowledge - INFO - persist search terms embedding for docs/halif/flash/current/flash.md
2026-03-03 04:34:23,562 - Knowledge - INFO - process ingested knowledge for /app/data/tevdevice9937/17/b8468m5/rdk-halif-aidl-17/docs/halif/flash/current/flash.md
2026-03-03 04:34:23,777 - Knowledge - INFO - Found code-base-name: https://github.com/kavia-common/rdk-halif-aidl-17.git:kavia-develop-6801
2026-03-03 04:34:23,971 - Knowledge - INFO - Found code_base: <app.utils.kg_build.knowledge.KnowledgeCodeBase object at 0x7f4a5462bf90>
2026-03-03 04:34:24,230 - Knowledge - INFO - Found code-base-name: https://github.com/kavia-common/rdk-halif-aidl-17.git:kavia-develop-6801
2026-03-03 04:34:24,398 - Knowledge - INFO - Found code_base: <app.utils.kg_build.knowledge.KnowledgeCodeBase object at 0x7f4a5462bf90>
2026-03-03 04:34:24,573 - Knowledge - INFO - persist ingested knowledge for /app/data/tevdevice9937/17/b8468m5/rdk-halif-aidl-17/docs/halif/sensor/current/thermal/thermal_sensor.md
2026-03-03 04:34:24,893 - Knowledge - INFO - [MONGODB_OP] Completed: persist, Collection: file_info, Duration: 153ms
2026-03-03 04:34:25,330 - Knowledge - INFO - [REDIS_OP] Completed: store_embedding, Key: docs/halif/sensor/current/thermal/thermal_sensor.md, Duration: 266ms
2026-03-03 04:34:25,498 - Knowledge - INFO - persist search terms embedding for docs/halif/sensor/current/thermal/thermal_sensor.md
2026-03-03 04:34:25,663 - Knowledge - INFO - process ingested knowledge for /app/data/tevdevice9937/17/b8468m5/rdk-halif-aidl-17/docs/halif/sensor/current/thermal/thermal_sensor.md
2026-03-03 04:34:25,820 - Knowledge - INFO - Found code-base-name: https://github.com/kavia-common/rdk-halif-aidl-17.git:kavia-develop-6801
2026-03-03 04:34:26,019 - Knowledge - INFO - Found code_base: <app.utils.kg_build.knowledge.KnowledgeCodeBase object at 0x7f4a5462bf90>
2026-03-03 04:34:26,304 - Knowledge - INFO - Found code-base-name: https://github.com/kavia-common/rdk-halif-aidl-17.git:kavia-develop-6801
2026-03-03 04:34:26,476 - Knowledge - INFO - Found code_base: <app.utils.kg_build.knowledge.KnowledgeCodeBase object at 0x7f4a5462bf90>
2026-03-03 04:34:26,667 - Knowledge - INFO - persist ingested knowledge for /app/data/tevdevice9937/17/b8468m5/rdk-halif-aidl-17/docs/vsi/linux_input/current/linux_input.md
2026-03-03 04:34:26,973 - Knowledge - INFO - [MONGODB_OP] Completed: persist, Collection: file_info, Duration: 126ms
2026-03-03 04:34:27,463 - Knowledge - INFO - [REDIS_OP] Completed: store_embedding, Key: docs/vsi/linux_input/current/linux_input.md, Duration: 281ms
2026-03-03 04:34:27,627 - Knowledge - INFO - persist search terms embedding for docs/vsi/linux_input/current/linux_input.md
2026-03-03 04:34:27,809 - Knowledge - INFO - process ingested knowledge for /app/data/tevdevice9937/17/b8468m5/rdk-halif-aidl-17/docs/vsi/linux_input/current/linux_input.md
2026-03-03 04:34:27,988 - Knowledge - INFO - Found code-base-name: https://github.com/kavia-common/rdk-halif-aidl-17.git:kavia-develop-6801
2026-03-03 04:34:28,174 - Knowledge - INFO - Found code_base: <app.utils.kg_build.knowledge.KnowledgeCodeBase object at 0x7f4a5462bf90>
2026-03-03 04:34:28,480 - Knowledge - INFO - Found code-base-name: https://github.com/kavia-common/rdk-halif-aidl-17.git:kavia-develop-6801
2026-03-03 04:34:28,637 - Knowledge - INFO - Found code_base: <app.utils.kg_build.knowledge.KnowledgeCodeBase object at 0x7f4a5462bf90>
2026-03-03 04:34:28,851 - Knowledge - INFO - persist ingested knowledge for /app/data/tevdevice9937/17/b8468m5/rdk-halif-aidl-17/CONTRIBUTING.md
2026-03-03 04:34:29,128 - Knowledge - INFO - [MONGODB_OP] Completed: persist, Collection: file_info, Duration: 107ms
2026-03-03 04:34:29,538 - Knowledge - INFO - [REDIS_OP] Completed: store_embedding, Key: CONTRIBUTING.md, Duration: 206ms
2026-03-03 04:34:29,742 - Knowledge - INFO - persist search terms embedding for CONTRIBUTING.md
2026-03-03 04:34:29,901 - Knowledge - INFO - process ingested knowledge for /app/data/tevdevice9937/17/b8468m5/rdk-halif-aidl-17/CONTRIBUTING.md
2026-03-03 04:34:30,135 - Knowledge - INFO - Found code-base-name: https://github.com/kavia-common/rdk-halif-aidl-17.git:kavia-develop-6801
2026-03-03 04:34:30,304 - Knowledge - INFO - Found code_base: <app.utils.kg_build.knowledge.KnowledgeCodeBase object at 0x7f4a5462bf90>
2026-03-03 04:34:30,570 - Knowledge - INFO - Found code-base-name: https://github.com/kavia-common/rdk-halif-aidl-17.git:kavia-develop-6801
2026-03-03 04:34:30,756 - Knowledge - INFO - Found code_base: <app.utils.kg_build.knowledge.KnowledgeCodeBase object at 0x7f4a5462bf90>
2026-03-03 04:34:30,904 - Knowledge - INFO - persist ingested knowledge for /app/data/tevdevice9937/17/b8468m5/rdk-halif-aidl-17/docs/halif/deep_sleep/current/deep_sleep.md
2026-03-03 04:34:31,220 - Knowledge - INFO - [MONGODB_OP] Completed: persist, Collection: file_info, Duration: 129ms
2026-03-03 04:34:31,719 - Knowledge - INFO - [REDIS_OP] Completed: store_embedding, Key: docs/halif/deep_sleep/current/deep_sleep.md, Duration: 316ms
2026-03-03 04:34:31,934 - Knowledge - INFO - persist search terms embedding for docs/halif/deep_sleep/current/deep_sleep.md
2026-03-03 04:34:32,099 - Knowledge - INFO - process ingested knowledge for /app/data/tevdevice9937/17/b8468m5/rdk-halif-aidl-17/docs/halif/deep_sleep/current/deep_sleep.md
2026-03-03 04:34:32,266 - Knowledge - INFO - Found code-base-name: https://github.com/kavia-common/rdk-halif-aidl-17.git:kavia-develop-6801
2026-03-03 04:34:32,422 - Knowledge - INFO - Found code_base: <app.utils.kg_build.knowledge.KnowledgeCodeBase object at 0x7f4a5462bf90>
2026-03-03 04:34:32,649 - Knowledge - INFO - Found code-base-name: https://github.com/kavia-common/rdk-halif-aidl-17.git:kavia-develop-6801
2026-03-03 04:34:32,850 - Knowledge - INFO - Found code_base: <app.utils.kg_build.knowledge.KnowledgeCodeBase object at 0x7f4a5462bf90>
2026-03-03 04:34:33,052 - Knowledge - INFO - persist ingested knowledge for /app/data/tevdevice9937/17/b8468m5/rdk-halif-aidl-17/indicator/current/hfp-indicator.yaml
2026-03-03 04:34:33,407 - Knowledge - INFO - [MONGODB_OP] Completed: persist, Collection: file_info, Duration: 132ms
2026-03-03 04:34:33,804 - Knowledge - INFO - [REDIS_OP] Completed: store_embedding, Key: indicator/current/hfp-indicator.yaml, Duration: 227ms
2026-03-03 04:34:34,021 - Knowledge - INFO - persist search terms embedding for indicator/current/hfp-indicator.yaml
2026-03-03 04:34:34,280 - Knowledge - INFO - process ingested knowledge for /app/data/tevdevice9937/17/b8468m5/rdk-halif-aidl-17/indicator/current/hfp-indicator.yaml
2026-03-03 04:34:34,483 - Knowledge - INFO - Found code-base-name: https://github.com/kavia-common/rdk-halif-aidl-17.git:kavia-develop-6801
2026-03-03 04:34:34,642 - Knowledge - INFO - Found code_base: <app.utils.kg_build.knowledge.KnowledgeCodeBase object at 0x7f4a5462bf90>
2026-03-03 04:34:34,935 - Knowledge - INFO - Found code-base-name: https://github.com/kavia-common/rdk-halif-aidl-17.git:kavia-develop-6801
2026-03-03 04:34:35,141 - Knowledge - INFO - Found code_base: <app.utils.kg_build.knowledge.KnowledgeCodeBase object at 0x7f4a5462bf90>
2026-03-03 04:34:35,340 - Knowledge - INFO - persist ingested knowledge for /app/data/tevdevice9937/17/b8468m5/rdk-halif-aidl-17/docs/scripts/activate_venv.sh
2026-03-03 04:34:35,636 - Knowledge - INFO - [MONGODB_OP] Completed: persist, Collection: file_info, Duration: 112ms
2026-03-03 04:34:36,072 - Knowledge - INFO - [REDIS_OP] Completed: store_embedding, Key: docs/scripts/activate_venv.sh, Duration: 272ms
2026-03-03 04:34:36,242 - Knowledge - INFO - persist search terms embedding for docs/scripts/activate_venv.sh
2026-03-03 04:34:36,435 - Knowledge - INFO - process ingested knowledge for /app/data/tevdevice9937/17/b8468m5/rdk-halif-aidl-17/docs/scripts/activate_venv.sh
2026-03-03 04:34:36,628 - Knowledge - INFO - Found code-base-name: https://github.com/kavia-common/rdk-halif-aidl-17.git:kavia-develop-6801
2026-03-03 04:34:36,814 - Knowledge - INFO - Found code_base: <app.utils.kg_build.knowledge.KnowledgeCodeBase object at 0x7f4a5462bf90>
2026-03-03 04:34:37,074 - Knowledge - INFO - Found code-base-name: https://github.com/kavia-common/rdk-halif-aidl-17.git:kavia-develop-6801
2026-03-03 04:34:37,255 - Knowledge - INFO - Found code_base: <app.utils.kg_build.knowledge.KnowledgeCodeBase object at 0x7f4a5462bf90>
2026-03-03 04:34:37,551 - Knowledge - INFO - persist ingested knowledge for /app/data/tevdevice9937/17/b8468m5/rdk-halif-aidl-17/hdmicec/current/hfp-hdmicec.yaml
                                                                         2026-03-03 04:34:37,854 - Knowledge - INFO - [MONGODB_OP] Completed: persist, Collection: file_info, Duration: 104ms
2026-03-03 04:34:38,381 - Knowledge - INFO - [REDIS_OP] Completed: store_embedding, Key: hdmicec/current/hfp-hdmicec.yaml, Duration: 335ms
2026-03-03 04:34:38,583 - Knowledge - INFO - persist search terms embedding for hdmicec/current/hfp-hdmicec.yaml
2026-03-03 04:34:38,799 - Knowledge - INFO - process ingested knowledge for /app/data/tevdevice9937/17/b8468m5/rdk-halif-aidl-17/hdmicec/current/hfp-hdmicec.yaml
2026-03-03 04:34:39,008 - Knowledge - INFO - Found code-base-name: https://github.com/kavia-common/rdk-halif-aidl-17.git:kavia-develop-6801
2026-03-03 04:34:39,215 - Knowledge - INFO - Found code_base: <app.utils.kg_build.knowledge.KnowledgeCodeBase object at 0x7f4a5462bf90>
                                                              2026-03-03 04:34:39,493 - Knowledge - INFO - Found code-base-name: https://github.com/kavia-common/rdk-halif-aidl-17.git:kavia-develop-6801
2026-03-03 04:34:39,689 - Knowledge - INFO - Found code_base: <app.utils.kg_build.knowledge.KnowledgeCodeBase object at 0x7f4a5462bf90>
2026-03-03 04:34:39,868 - Knowledge - INFO - persist ingested knowledge for /app/data/tevdevice9937/17/b8468m5/rdk-halif-aidl-17/docs/halif/audio_mixer/current/audio_mixer.md
2026-03-03 04:34:40,207 - Knowledge - INFO - [MONGODB_OP] Completed: persist, Collection: file_info, Duration: 157ms
2026-03-03 04:34:40,682 - Knowledge - INFO - [REDIS_OP] Completed: store_embedding, Key: docs/halif/audio_mixer/current/audio_mixer.md, Duration: 306ms
2026-03-03 04:34:40,905 - Knowledge - INFO - persist search terms embedding for docs/halif/audio_mixer/current/audio_mixer.md
2026-03-03 04:34:41,090 - Knowledge - INFO - process ingested knowledge for /app/data/tevdevice9937/17/b8468m5/rdk-halif-aidl-17/docs/halif/audio_mixer/current/audio_mixer.md
2026-03-03 04:34:41,315 - Knowledge - INFO - Found code-base-name: https://github.com/kavia-common/rdk-halif-aidl-17.git:kavia-develop-6801
2026-03-03 04:34:41,517 - Knowledge - INFO - Found code_base: <app.utils.kg_build.knowledge.KnowledgeCodeBase object at 0x7f4a5462bf90>
2026-03-03 04:34:41,816 - Knowledge - INFO - Found code-base-name: https://github.com/kavia-common/rdk-halif-aidl-17.git:kavia-develop-6801
2026-03-03 04:34:42,017 - Knowledge - INFO - Found code_base: <app.utils.kg_build.knowledge.KnowledgeCodeBase object at 0x7f4a5462bf90>
2026-03-03 04:34:42,223 - Knowledge - INFO - persist ingested knowledge for /app/data/tevdevice9937/17/b8468m5/rdk-halif-aidl-17/docs/halif/sensor/current/sensor.md
2026-03-03 04:34:42,544 - Knowledge - INFO - [MONGODB_OP] Completed: persist, Collection: file_info, Duration: 114ms
2026-03-03 04:34:43,724 - Knowledge - INFO - [REDIS_OP] Completed: store_embedding, Key: docs/halif/sensor/current/sensor.md, Duration: 947ms
2026-03-03 04:34:43,888 - Knowledge - INFO - persist search terms embedding for docs/halif/sensor/current/sensor.md
2026-03-03 04:34:44,070 - Knowledge - INFO - process ingested knowledge for /app/data/tevdevice9937/17/b8468m5/rdk-halif-aidl-17/docs/halif/sensor/current/sensor.md
2026-03-03 04:34:44,275 - Knowledge - INFO - Found code-base-name: https://github.com/kavia-common/rdk-halif-aidl-17.git:kavia-develop-6801
2026-03-03 04:34:44,436 - Knowledge - INFO - Found code_base: <app.utils.kg_build.knowledge.KnowledgeCodeBase object at 0x7f4a5462bf90>
2026-03-03 04:34:44,747 - Knowledge - INFO - Found code-base-name: https://github.com/kavia-common/rdk-halif-aidl-17.git:kavia-develop-6801
2026-03-03 04:34:44,940 - Knowledge - INFO - Found code_base: <app.utils.kg_build.knowledge.KnowledgeCodeBase object at 0x7f4a5462bf90>
2026-03-03 04:34:45,108 - Knowledge - INFO - persist ingested knowledge for /app/data/tevdevice9937/17/b8468m5/rdk-halif-aidl-17/planecontrol/current/hfp-planecontrol.yaml
2026-03-03 04:34:45,433 - Knowledge - INFO - [MONGODB_OP] Completed: persist, Collection: file_info, Duration: 145ms
2026-03-03 04:34:45,927 - Knowledge - INFO - [REDIS_OP] Completed: store_embedding, Key: planecontrol/current/hfp-planecontrol.yaml, Duration: 266ms
2026-03-03 04:34:46,122 - Knowledge - INFO - persist search terms embedding for planecontrol/current/hfp-planecontrol.yaml
2026-03-03 04:34:46,344 - Knowledge - INFO - process ingested knowledge for /app/data/tevdevice9937/17/b8468m5/rdk-halif-aidl-17/planecontrol/current/hfp-planecontrol.yaml
2026-03-03 04:34:46,577 - Knowledge - INFO - Found code-base-name: https://github.com/kavia-common/rdk-halif-aidl-17.git:kavia-develop-6801
2026-03-03 04:34:46,743 - Knowledge - INFO - Found code_base: <app.utils.kg_build.knowledge.KnowledgeCodeBase object at 0x7f4a5462bf90>
2026-03-03 04:34:47,023 - Knowledge - INFO - Found code-base-name: https://github.com/kavia-common/rdk-halif-aidl-17.git:kavia-develop-6801
2026-03-03 04:34:47,205 - Knowledge - INFO - Found code_base: <app.utils.kg_build.knowledge.KnowledgeCodeBase object at 0x7f4a5462bf90>
2026-03-03 04:34:47,408 - Knowledge - INFO - persist ingested knowledge for /app/data/tevdevice9937/17/b8468m5/rdk-halif-aidl-17/avbuffer/current/hfp-avbuffer.yaml
2026-03-03 04:34:47,721 - Knowledge - INFO - [MONGODB_OP] Completed: persist, Collection: file_info, Duration: 116ms
2026-03-03 04:34:48,215 - Knowledge - INFO - [REDIS_OP] Completed: store_embedding, Key: avbuffer/current/hfp-avbuffer.yaml, Duration: 281ms
2026-03-03 04:34:48,388 - Knowledge - INFO - persist search terms embedding for avbuffer/current/hfp-avbuffer.yaml
2026-03-03 04:34:48,599 - Knowledge - INFO - process ingested knowledge for /app/data/tevdevice9937/17/b8468m5/rdk-halif-aidl-17/avbuffer/current/hfp-avbuffer.yaml
2026-03-03 04:34:48,763 - Knowledge - INFO - Found code-base-name: https://github.com/kavia-common/rdk-halif-aidl-17.git:kavia-develop-6801
2026-03-03 04:34:48,950 - Knowledge - INFO - Found code_base: <app.utils.kg_build.knowledge.KnowledgeCodeBase object at 0x7f4a5462bf90>
2026-03-03 04:34:49,236 - Knowledge - INFO - Found code-base-name: https://github.com/kavia-common/rdk-halif-aidl-17.git:kavia-develop-6801
2026-03-03 04:34:49,404 - Knowledge - INFO - Found code_base: <app.utils.kg_build.knowledge.KnowledgeCodeBase object at 0x7f4a5462bf90>
2026-03-03 04:34:49,587 - Knowledge - INFO - persist ingested knowledge for /app/data/tevdevice9937/17/b8468m5/rdk-halif-aidl-17/docs/index.md
2026-03-03 04:34:49,866 - Knowledge - INFO - [MONGODB_OP] Completed: persist, Collection: file_info, Duration: 108ms
2026-03-03 04:34:50,394 - Knowledge - INFO - [REDIS_OP] Completed: store_embedding, Key: docs/index.md, Duration: 314ms
2026-03-03 04:34:50,608 - Knowledge - INFO - persist search terms embedding for docs/index.md
2026-03-03 04:34:50,818 - Knowledge - INFO - process ingested knowledge for /app/data/tevdevice9937/17/b8468m5/rdk-halif-aidl-17/docs/index.md
2026-03-03 04:34:51,077 - Knowledge - INFO - Found code-base-name: https://github.com/kavia-common/rdk-halif-aidl-17.git:kavia-develop-6801
2026-03-03 04:34:51,319 - Knowledge - INFO - Found code_base: <app.utils.kg_build.knowledge.KnowledgeCodeBase object at 0x7f4a5462bf90>
2026-03-03 04:34:51,634 - Knowledge - INFO - Found code-base-name: https://github.com/kavia-common/rdk-halif-aidl-17.git:kavia-develop-6801
2026-03-03 04:34:51,824 - Knowledge - INFO - Found code_base: <app.utils.kg_build.knowledge.KnowledgeCodeBase object at 0x7f4a5462bf90>
2026-03-03 04:34:52,024 - Knowledge - INFO - persist ingested knowledge for /app/data/tevdevice9937/17/b8468m5/rdk-halif-aidl-17/docs/whitepapers/right_format_right_job.md
                                                                                                                                                                 2026-03-03 04:34:52,327 - Knowledge - INFO - [MONGODB_OP] Completed: persist, Collection: file_info, Duration: 113ms
2026-03-03 04:34:52,726 - Knowledge - INFO - [REDIS_OP] Completed: store_embedding, Key: docs/whitepapers/right_format_right_job.md, Duration: 190ms
2026-03-03 04:34:52,921 - Knowledge - INFO - persist search terms embedding for docs/whitepapers/right_format_right_job.md
2026-03-03 04:34:53,082 - Knowledge - INFO - process ingested knowledge for /app/data/tevdevice9937/17/b8468m5/rdk-halif-aidl-17/docs/whitepapers/right_format_right_job.md
2026-03-03 04:34:53,287 - Knowledge - INFO - Found code-base-name: https://github.com/kavia-common/rdk-halif-aidl-17.git:kavia-develop-6801
2026-03-03 04:34:53,491 - Knowledge - INFO - Found code_base: <app.utils.kg_build.knowledge.KnowledgeCodeBase object at 0x7f4a5462bf90>
2026-03-03 04:34:53,805 - Knowledge - INFO - Found code-base-name: https://github.com/kavia-common/rdk-halif-aidl-17.git:kavia-develop-6801
2026-03-03 04:34:53,975 - Knowledge - INFO - Found code_base: <app.utils.kg_build.knowledge.KnowledgeCodeBase object at 0x7f4a5462bf90>
2026-03-03 04:34:54,163 - Knowledge - INFO - persist ingested knowledge for /app/data/tevdevice9937/17/b8468m5/rdk-halif-aidl-17/docs/stylesheets/extra.css
2026-03-03 04:34:54,459 - Knowledge - INFO - [MONGODB_OP] Completed: persist, Collection: file_info, Duration: 126ms
2026-03-03 04:34:55,038 - Knowledge - INFO - [REDIS_OP] Completed: store_embedding, Key: docs/stylesheets/extra.css, Duration: 315ms
2026-03-03 04:34:55,209 - Knowledge - INFO - persist search terms embedding for docs/stylesheets/extra.css
2026-03-03 04:34:55,397 - Knowledge - INFO - process ingested knowledge for /app/data/tevdevice9937/17/b8468m5/rdk-halif-aidl-17/docs/stylesheets/extra.css
2026-03-03 04:34:55,579 - Knowledge - INFO - Found code-base-name: https://github.com/kavia-common/rdk-halif-aidl-17.git:kavia-develop-6801
2026-03-03 04:34:55,781 - Knowledge - INFO - Found code_base: <app.utils.kg_build.knowledge.KnowledgeCodeBase object at 0x7f4a5462bf90>
2026-03-03 04:34:56,105 - Knowledge - INFO - Found code-base-name: https://github.com/kavia-common/rdk-halif-aidl-17.git:kavia-develop-6801
2026-03-03 04:34:56,311 - Knowledge - INFO - Found code_base: <app.utils.kg_build.knowledge.KnowledgeCodeBase object at 0x7f4a5462bf90>
2026-03-03 04:34:56,485 - Knowledge - INFO - persist ingested knowledge for /app/data/tevdevice9937/17/b8468m5/rdk-halif-aidl-17/docs/halif/ffv/current/ffv.md
2026-03-03 04:34:56,805 - Knowledge - INFO - [MONGODB_OP] Completed: persist, Collection: file_info, Duration: 141ms
2026-03-03 04:34:57,188 - Knowledge - INFO - [REDIS_OP] Completed: store_embedding, Key: docs/halif/ffv/current/ffv.md, Duration: 225ms
2026-03-03 04:34:57,378 - Knowledge - INFO - persist search terms embedding for docs/halif/ffv/current/ffv.md
2026-03-03 04:34:57,555 - Knowledge - INFO - process ingested knowledge for /app/data/tevdevice9937/17/b8468m5/rdk-halif-aidl-17/docs/halif/ffv/current/ffv.md
2026-03-03 04:34:57,777 - Knowledge - INFO - Found code-base-name: https://github.com/kavia-common/rdk-halif-aidl-17.git:kavia-develop-6801
2026-03-03 04:34:57,963 - Knowledge - INFO - Found code_base: <app.utils.kg_build.knowledge.KnowledgeCodeBase object at 0x7f4a5462bf90>
2026-03-03 04:34:58,259 - Knowledge - INFO - Found code-base-name: https://github.com/kavia-common/rdk-halif-aidl-17.git:kavia-develop-6801
2026-03-03 04:34:58,439 - Knowledge - INFO - Found code_base: <app.utils.kg_build.knowledge.KnowledgeCodeBase object at 0x7f4a5462bf90>
2026-03-03 04:34:58,639 - Knowledge - INFO - persist ingested knowledge for /app/data/tevdevice9937/17/b8468m5/rdk-halif-aidl-17/docs/halif/composite_input/current/composite_input.md
2026-03-03 04:34:58,901 - Knowledge - INFO - [MONGODB_OP] Completed: persist, Collection: file_info, Duration: 100ms
2026-03-03 04:34:59,367 - Knowledge - INFO - [REDIS_OP] Completed: store_embedding, Key: docs/halif/composite_input/current/composite_input.md, Duration: 251ms
2026-03-03 04:34:59,570 - Knowledge - INFO - persist search terms embedding for docs/halif/composite_input/current/composite_input.md
2026-03-03 04:34:59,755 - Knowledge - INFO - process ingested knowledge for /app/data/tevdevice9937/17/b8468m5/rdk-halif-aidl-17/docs/halif/composite_input/current/composite_input.md
2026-03-03 04:34:59,960 - Knowledge - INFO - Found code-base-name: https://github.com/kavia-common/rdk-halif-aidl-17.git:kavia-develop-6801
2026-03-03 04:35:00,163 - Knowledge - INFO - Found code_base: <app.utils.kg_build.knowledge.KnowledgeCodeBase object at 0x7f4a5462bf90>
2026-03-03 04:35:00,456 - Knowledge - INFO - Found code-base-name: https://github.com/kavia-common/rdk-halif-aidl-17.git:kavia-develop-6801
2026-03-03 04:35:00,652 - Knowledge - INFO - Found code_base: <app.utils.kg_build.knowledge.KnowledgeCodeBase object at 0x7f4a5462bf90>
2026-03-03 04:35:00,833 - Knowledge - INFO - persist ingested knowledge for /app/data/tevdevice9937/17/b8468m5/rdk-halif-aidl-17/docs/CHANGELOG.md
2026-03-03 04:35:01,137 - Knowledge - INFO - [MONGODB_OP] Completed: persist, Collection: file_info, Duration: 131ms
2026-03-03 04:35:01,613 - Knowledge - INFO - [REDIS_OP] Completed: store_embedding, Key: docs/CHANGELOG.md, Duration: 272ms
2026-03-03 04:35:01,814 - Knowledge - INFO - persist search terms embedding for docs/CHANGELOG.md
2026-03-03 04:35:01,980 - Knowledge - INFO - process ingested knowledge for /app/data/tevdevice9937/17/b8468m5/rdk-halif-aidl-17/docs/CHANGELOG.md
2026-03-03 04:35:02,177 - Knowledge - INFO - Found code-base-name: https://github.com/kavia-common/rdk-halif-aidl-17.git:kavia-develop-6801
2026-03-03 04:35:02,393 - Knowledge - INFO - Found code_base: <app.utils.kg_build.knowledge.KnowledgeCodeBase object at 0x7f4a5462bf90>
2026-03-03 04:35:02,753 - Knowledge - INFO - Found code-base-name: https://github.com/kavia-common/rdk-halif-aidl-17.git:kavia-develop-6801
2026-03-03 04:35:02,981 - Knowledge - INFO - Found code_base: <app.utils.kg_build.knowledge.KnowledgeCodeBase object at 0x7f4a5462bf90>
2026-03-03 04:35:03,149 - Knowledge - INFO - persist ingested knowledge for /app/data/tevdevice9937/17/b8468m5/rdk-halif-aidl-17/docs/halif/hdmi_output/current/hdmi_output.md
                                2026-03-03 04:35:03,467 - Knowledge - INFO - [MONGODB_OP] Completed: persist, Collection: file_info, Duration: 117ms
2026-03-03 04:35:03,930 - Knowledge - INFO - [REDIS_OP] Completed: store_embedding, Key: docs/halif/hdmi_output/current/hdmi_output.md, Duration: 306ms
2026-03-03 04:35:04,116 - Knowledge - INFO - persist search terms embedding for docs/halif/hdmi_output/current/hdmi_output.md
2026-03-03 04:35:04,302 - Knowledge - INFO - process ingested knowledge for /app/data/tevdevice9937/17/b8468m5/rdk-halif-aidl-17/docs/halif/hdmi_output/current/hdmi_output.md
2026-03-03 04:35:04,541 - Knowledge - INFO - Found code-base-name: https://github.com/kavia-common/rdk-halif-aidl-17.git:kavia-develop-6801
2026-03-03 04:35:04,714 - Knowledge - INFO - Found code_base: <app.utils.kg_build.knowledge.KnowledgeCodeBase object at 0x7f4a5462bf90>
2026-03-03 04:35:05,020 - Knowledge - INFO - Found code-base-name: https://github.com/kavia-common/rdk-halif-aidl-17.git:kavia-develop-6801
2026-03-03 04:35:05,196 - Knowledge - INFO - Found code_base: <app.utils.kg_build.knowledge.KnowledgeCodeBase object at 0x7f4a5462bf90>
2026-03-03 04:35:05,424 - Knowledge - INFO - persist ingested knowledge for /app/data/tevdevice9937/17/b8468m5/rdk-halif-aidl-17/docs/halif/av_clock/current/av_clock.md
      2026-03-03 04:35:05,746 - Knowledge - INFO - [MONGODB_OP] Completed: persist, Collection: file_info, Duration: 111ms
2026-03-03 04:35:06,198 - Knowledge - INFO - [REDIS_OP] Completed: store_embedding, Key: docs/halif/av_clock/current/av_clock.md, Duration: 238ms
2026-03-03 04:35:06,391 - Knowledge - INFO - persist search terms embedding for docs/halif/av_clock/current/av_clock.md
2026-03-03 04:35:06,558 - Knowledge - INFO - process ingested knowledge for /app/data/tevdevice9937/17/b8468m5/rdk-halif-aidl-17/docs/halif/av_clock/current/av_clock.md
2026-03-03 04:35:06,734 - Knowledge - INFO - Found code-base-name: https://github.com/kavia-common/rdk-halif-aidl-17.git:kavia-develop-6801
2026-03-03 04:35:06,927 - Knowledge - INFO - Found code_base: <app.utils.kg_build.knowledge.KnowledgeCodeBase object at 0x7f4a5462bf90>
2026-03-03 04:35:07,201 - Knowledge - INFO - Found code-base-name: https://github.com/kavia-common/rdk-halif-aidl-17.git:kavia-develop-6801
2026-03-03 04:35:07,398 - Knowledge - INFO - Found code_base: <app.utils.kg_build.knowledge.KnowledgeCodeBase object at 0x7f4a5462bf90>
2026-03-03 04:35:07,561 - Knowledge - INFO - persist ingested knowledge for /app/data/tevdevice9937/17/b8468m5/rdk-halif-aidl-17/docs/scripts/install.sh
2026-03-03 04:35:07,873 - Knowledge - INFO - [MONGODB_OP] Completed: persist, Collection: file_info, Duration: 143ms
2026-03-03 04:35:08,359 - Knowledge - INFO - [REDIS_OP] Completed: store_embedding, Key: docs/scripts/install.sh, Duration: 296ms
2026-03-03 04:35:08,555 - Knowledge - INFO - persist search terms embedding for docs/scripts/install.sh
2026-03-03 04:35:08,798 - Knowledge - INFO - process ingested knowledge for /app/data/tevdevice9937/17/b8468m5/rdk-halif-aidl-17/docs/scripts/install.sh
2026-03-03 04:35:09,017 - Knowledge - INFO - Found code-base-name: https://github.com/kavia-common/rdk-halif-aidl-17.git:kavia-develop-6801
2026-03-03 04:35:09,212 - Knowledge - INFO - Found code_base: <app.utils.kg_build.knowledge.KnowledgeCodeBase object at 0x7f4a5462bf90>
2026-03-03 04:35:09,529 - Knowledge - INFO - Found code-base-name: https://github.com/kavia-common/rdk-halif-aidl-17.git:kavia-develop-6801
2026-03-03 04:35:09,712 - Knowledge - INFO - Found code_base: <app.utils.kg_build.knowledge.KnowledgeCodeBase object at 0x7f4a5462bf90>
2026-03-03 04:35:09,889 - Knowledge - INFO - persist ingested knowledge for /app/data/tevdevice9937/17/b8468m5/rdk-halif-aidl-17/panel/current/CMakeLists.txt
2026-03-03 04:35:10,224 - Knowledge - INFO - [MONGODB_OP] Completed: persist, Collection: file_info, Duration: 134ms
2026-03-03 04:35:10,699 - Knowledge - INFO - [REDIS_OP] Completed: store_embedding, Key: panel/current/CMakeLists.txt, Duration: 263ms
2026-03-03 04:35:10,912 - Knowledge - INFO - persist search terms embedding for panel/current/CMakeLists.txt
2026-03-03 04:35:11,090 - Knowledge - INFO - process ingested knowledge for /app/data/tevdevice9937/17/b8468m5/rdk-halif-aidl-17/panel/current/CMakeLists.txt
2026-03-03 04:35:11,287 - Knowledge - INFO - Found code-base-name: https://github.com/kavia-common/rdk-halif-aidl-17.git:kavia-develop-6801
2026-03-03 04:35:11,498 - Knowledge - INFO - Found code_base: <app.utils.kg_build.knowledge.KnowledgeCodeBase object at 0x7f4a5462bf90>
2026-03-03 04:35:11,816 - Knowledge - INFO - Found code-base-name: https://github.com/kavia-common/rdk-halif-aidl-17.git:kavia-develop-6801
2026-03-03 04:35:11,985 - Knowledge - INFO - Found code_base: <app.utils.kg_build.knowledge.KnowledgeCodeBase object at 0x7f4a5462bf90>
2026-03-03 04:35:12,167 - Knowledge - INFO - persist ingested knowledge for /app/data/tevdevice9937/17/b8468m5/rdk-halif-aidl-17/docs/vsi/service_manager/current/service_manager.md
                                                                        2026-03-03 04:35:12,465 - Knowledge - INFO - [MONGODB_OP] Completed: persist, Collection: file_info, Duration: 113ms
2026-03-03 04:35:12,914 - Knowledge - INFO - [REDIS_OP] Completed: store_embedding, Key: docs/vsi/service_manager/current/service_manager.md, Duration: 264ms
2026-03-03 04:35:13,091 - Knowledge - INFO - persist search terms embedding for docs/vsi/service_manager/current/service_manager.md
2026-03-03 04:35:13,282 - Knowledge - INFO - process ingested knowledge for /app/data/tevdevice9937/17/b8468m5/rdk-halif-aidl-17/docs/vsi/service_manager/current/service_manager.md
2026-03-03 04:35:13,493 - Knowledge - INFO - Found code-base-name: https://github.com/kavia-common/rdk-halif-aidl-17.git:kavia-develop-6801
2026-03-03 04:35:13,676 - Knowledge - INFO - Found code_base: <app.utils.kg_build.knowledge.KnowledgeCodeBase object at 0x7f4a5462bf90>
2026-03-03 04:35:13,952 - Knowledge - INFO - Found code-base-name: https://github.com/kavia-common/rdk-halif-aidl-17.git:kavia-develop-6801
2026-03-03 04:35:14,123 - Knowledge - INFO - Found code_base: <app.utils.kg_build.knowledge.KnowledgeCodeBase object at 0x7f4a5462bf90>
2026-03-03 04:35:14,312 - Knowledge - INFO - persist ingested knowledge for /app/data/tevdevice9937/17/b8468m5/rdk-halif-aidl-17/docs/halif/audio_decoder/v0.5/audio_decoder.md
2026-03-03 04:35:14,600 - Knowledge - INFO - [MONGODB_OP] Completed: persist, Collection: file_info, Duration: 128ms
2026-03-03 04:35:15,191 - Knowledge - INFO - [REDIS_OP] Completed: store_embedding, Key: docs/halif/audio_decoder/v0.5/audio_decoder.md, Duration: 389ms
2026-03-03 04:35:15,386 - Knowledge - INFO - persist search terms embedding for docs/halif/audio_decoder/v0.5/audio_decoder.md
2026-03-03 04:35:15,545 - Knowledge - INFO - process ingested knowledge for /app/data/tevdevice9937/17/b8468m5/rdk-halif-aidl-17/docs/halif/audio_decoder/v0.5/audio_decoder.md
2026-03-03 04:35:15,751 - Knowledge - INFO - Loaded 139 files from persisted knowledge
2026-03-03 04:35:15,953 - Knowledge - INFO - load persisted knowledge: end
2026-03-03 04:35:16,137 - Knowledge - INFO - Redis support added with prefix knowledge:b8468m5:
                                                                                                                                                                                                                                                                                                                                                                                                                                                                      2026-03-03 04:35:17,259 - Knowledge - INFO - Starting knowledge initialization for ID: Jrl4St-b8468m5
2026-03-03 04:35:17,460 - Knowledge - INFO - 🔍 Checking Redis for build_id: b8468m5
2026-03-03 04:35:17,679 - Knowledge - INFO - 🔍 Full session ID: Jrl4St-b8468m5
2026-03-03 04:35:17,893 - Knowledge - INFO - 🔍 Redis prefix will be: knowledge:b8468m5:
2026-03-03 04:35:18,127 - Knowledge - INFO - 🔍 Using attached load_from_redis() method
2026-03-03 04:35:18,355 - Knowledge - INFO - 🔍 Attempting to load knowledge from Redis...
2026-03-03 04:35:18,553 - Knowledge - INFO - 🔍 Using derived instance_id for Redis lookup: b8468m5
2026-03-03 04:35:18,782 - Knowledge - INFO - ✅ Redis cache found! Loading knowledge...
2026-03-03 04:35:18,948 - Knowledge - INFO - ✅ Successfully loaded from Redis: 139 files
2026-03-03 04:35:19,164 - Knowledge - INFO - ✅ Redis load complete: 139 files in 1.04s
2026-03-03 04:35:19,365 - Knowledge - INFO - ⚡ Total Redis path: 1.04s (vs ~300s from disk)
2026-03-03 04:35:19,552 - Knowledge - INFO - Saving knowledge to Redis...
2026-03-03 04:35:19,842 - Knowledge - INFO - Knowledge saved to Redis successfully
                                                                                                                                                                                                                                                                                                                                                                                                                                                                                                                                                                                                                                                                                                                                                                                                                                                                                                                                                                                                                                                                                                                                                                                                                                                                                                                                                                                                                                                                                                                                                                                                                                                                                                                                                                                                                                                                                                                                                                                                                                                                                                                                                                                                              ut/current/composite_input.md
2026-03-03 04:35:22,667 - Knowledge - INFO - process ingested knowledge for /app/data/tevdevice9937/17/b8468m5/rdk-halif-aidl-17/docs/halif/composite_input/current/composite_input.md
2026-03-03 04:35:22,859 - Knowledge - INFO - Found code-base-name: https://github.com/kavia-common/rdk-halif-aidl-17.git:kavia-develop-6801
2026-03-03 04:35:23,054 - Knowledge - INFO - Found code_base: <app.utils.kg_build.knowledge.KnowledgeCodeBase object at 0x7f96d0576950>
2026-03-03 04:35:23,296 - Knowledge - INFO - Found code-base-name: https://github.com/kavia-common/rdk-halif-aidl-17.git:kavia-develop-6801
2026-03-03 04:35:23,470 - Knowledge - INFO - Found code_base: <app.utils.kg_build.knowledge.KnowledgeCodeBase object at 0x7f96d0576950>
2026-03-03 04:35:23,633 - Knowledge - INFO - persist ingested knowledge for /app/data/tevdevice9937/17/b8468m5/rdk-halif-aidl-17/docs/CHANGELOG.md
2026-03-03 04:35:23,947 - Knowledge - INFO - [MONGODB_OP] Completed: persist, Collection: file_info, Duration: 106ms
2026-03-03 04:35:24,559 - Knowledge - INFO - [REDIS_OP] Completed: store_embedding, Key: docs/CHANGELOG.md, Duration: 420ms
2026-03-03 04:35:24,764 - Knowledge - INFO - persist search terms embedding for docs/CHANGELOG.md
2026-03-03 04:35:24,958 - Knowledge - INFO - process ingested knowledge for /app/data/tevdevice9937/17/b8468m5/rdk-halif-aidl-17/docs/CHANGELOG.md
2026-03-03 04:35:25,174 - Knowledge - INFO - Found code-base-name: https://github.com/kavia-common/rdk-halif-aidl-17.git:kavia-develop-6801
2026-03-03 04:35:25,380 - Knowledge - INFO - Found code_base: <app.utils.kg_build.knowledge.KnowledgeCodeBase object at 0x7f96d0576950>
2026-03-03 04:35:25,620 - Knowledge - INFO - Found code-base-name: https://github.com/kavia-common/rdk-halif-aidl-17.git:kavia-develop-6801
2026-03-03 04:35:25,832 - Knowledge - INFO - Found code_base: <app.utils.kg_build.knowledge.KnowledgeCodeBase object at 0x7f96d0576950>
2026-03-03 04:35:26,018 - Knowledge - INFO - persist ingested knowledge for /app/data/tevdevice9937/17/b8468m5/rdk-halif-aidl-17/docs/halif/hdmi_output/current/hdmi_output.md
2026-03-03 04:35:26,326 - Knowledge - INFO - [MONGODB_OP] Completed: persist, Collection: file_info, Duration: 127ms
2026-03-03 04:35:26,700 - Knowledge - INFO - [REDIS_OP] Completed: store_embedding, Key: docs/halif/hdmi_output/current/hdmi_output.md, Duration: 215ms
2026-03-03 04:35:26,893 - Knowledge - INFO - persist search terms embedding for docs/halif/hdmi_output/current/hdmi_output.md
2026-03-03 04:35:27,060 - Knowledge - INFO - process ingested knowledge for /app/data/tevdevice9937/17/b8468m5/rdk-halif-aidl-17/docs/halif/hdmi_output/current/hdmi_output.md
2026-03-03 04:35:27,276 - Knowledge - INFO - Found code-base-name: https://github.com/kavia-common/rdk-halif-aidl-17.git:kavia-develop-6801
2026-03-03 04:35:27,476 - Knowledge - INFO - Found code_base: <app.utils.kg_build.knowledge.KnowledgeCodeBase object at 0x7f96d0576950>
2026-03-03 04:35:27,761 - Knowledge - INFO - Found code-base-name: https://github.com/kavia-common/rdk-halif-aidl-17.git:kavia-develop-6801
2026-03-03 04:35:27,959 - Knowledge - INFO - Found code_base: <app.utils.kg_build.knowledge.KnowledgeCodeBase object at 0x7f96d0576950>
2026-03-03 04:35:28,115 - Knowledge - INFO - persist ingested knowledge for /app/data/tevdevice9937/17/b8468m5/rdk-halif-aidl-17/docs/halif/av_clock/current/av_clock.md
2026-03-03 04:35:28,489 - Knowledge - INFO - [MONGODB_OP] Completed: persist, Collection: file_info, Duration: 184ms
2026-03-03 04:35:28,993 - Knowledge - INFO - [REDIS_OP] Completed: store_embedding, Key: docs/halif/av_clock/current/av_clock.md, Duration: 289ms
2026-03-03 04:35:29,197 - Knowledge - INFO - persist search terms embedding for docs/halif/av_clock/current/av_clock.md
2026-03-03 04:35:29,377 - Knowledge - INFO - process ingested knowledge for /app/data/tevdevice9937/17/b8468m5/rdk-halif-aidl-17/docs/halif/av_clock/current/av_clock.md
2026-03-03 04:35:29,557 - Knowledge - INFO - Found code-base-name: https://github.com/kavia-common/rdk-halif-aidl-17.git:kavia-develop-6801
2026-03-03 04:35:29,734 - Knowledge - INFO - Found code_base: <app.utils.kg_build.knowledge.KnowledgeCodeBase object at 0x7f96d0576950>
2026-03-03 04:35:30,010 - Knowledge - INFO - Found code-base-name: https://github.com/kavia-common/rdk-halif-aidl-17.git:kavia-develop-6801
2026-03-03 04:35:30,224 - Knowledge - INFO - Found code_base: <app.utils.kg_build.knowledge.KnowledgeCodeBase object at 0x7f96d0576950>
2026-03-03 04:35:30,416 - Knowledge - INFO - persist ingested knowledge for /app/data/tevdevice9937/17/b8468m5/rdk-halif-aidl-17/docs/scripts/install.sh
2026-03-03 04:35:30,751 - Knowledge - INFO - [MONGODB_OP] Completed: persist, Collection: file_info, Duration: 183ms
2026-03-03 04:35:31,174 - Knowledge - INFO - [REDIS_OP] Completed: store_embedding, Key: docs/scripts/install.sh, Duration: 229ms
2026-03-03 04:35:31,372 - Knowledge - INFO - persist search terms embedding for docs/scripts/install.sh
2026-03-03 04:35:31,622 - Knowledge - INFO - process ingested knowledge for /app/data/tevdevice9937/17/b8468m5/rdk-halif-aidl-17/docs/scripts/install.sh
2026-03-03 04:35:31,783 - Knowledge - INFO - Found code-base-name: https://github.com/kavia-common/rdk-halif-aidl-17.git:kavia-develop-6801
2026-03-03 04:35:31,928 - Knowledge - INFO - Found code_base: <app.utils.kg_build.knowledge.KnowledgeCodeBase object at 0x7f96d0576950>
2026-03-03 04:35:32,228 - Knowledge - INFO - Found code-base-name: https://github.com/kavia-common/rdk-halif-aidl-17.git:kavia-develop-6801
2026-03-03 04:35:32,402 - Knowledge - INFO - Found code_base: <app.utils.kg_build.knowledge.KnowledgeCodeBase object at 0x7f96d0576950>
2026-03-03 04:35:32,589 - Knowledge - INFO - persist ingested knowledge for /app/data/tevdevice9937/17/b8468m5/rdk-halif-aidl-17/panel/current/CMakeLists.txt
2026-03-03 04:35:32,980 - Knowledge - INFO - [MONGODB_OP] Completed: persist, Collection: file_info, Duration: 190ms
2026-03-03 04:35:33,502 - Knowledge - INFO - [REDIS_OP] Completed: store_embedding, Key: panel/current/CMakeLists.txt, Duration: 333ms
2026-03-03 04:35:33,678 - Knowledge - INFO - persist search terms embedding for panel/current/CMakeLists.txt
2026-03-03 04:35:33,847 - Knowledge - INFO - process ingested knowledge for /app/data/tevdevice9937/17/b8468m5/rdk-halif-aidl-17/panel/current/CMakeLists.txt
2026-03-03 04:35:34,019 - Knowledge - INFO - Found code-base-name: https://github.com/kavia-common/rdk-halif-aidl-17.git:kavia-develop-6801
2026-03-03 04:35:34,180 - Knowledge - INFO - Found code_base: <app.utils.kg_build.knowledge.KnowledgeCodeBase object at 0x7f96d0576950>
2026-03-03 04:35:34,480 - Knowledge - INFO - Found code-base-name: https://github.com/kavia-common/rdk-halif-aidl-17.git:kavia-develop-6801
2026-03-03 04:35:34,647 - Knowledge - INFO - Found code_base: <app.utils.kg_build.knowledge.KnowledgeCodeBase object at 0x7f96d0576950>
2026-03-03 04:35:34,856 - Knowledge - INFO - persist ingested knowledge for /app/data/tevdevice9937/17/b8468m5/rdk-halif-aidl-17/docs/vsi/service_manager/current/service_manager.md
2026-03-03 04:35:35,164 - Knowledge - INFO - [MONGODB_OP] Completed: persist, Collection: file_info, Duration: 118ms
2026-03-03 04:35:35,570 - Knowledge - INFO - [REDIS_OP] Completed: store_embedding, Key: docs/vsi/service_manager/current/service_manager.md, Duration: 244ms
2026-03-03 04:35:35,724 - Knowledge - INFO - persist search terms embedding for docs/vsi/service_manager/current/service_manager.md
2026-03-03 04:35:35,898 - Knowledge - INFO - process ingested knowledge for /app/data/tevdevice9937/17/b8468m5/rdk-halif-aidl-17/docs/vsi/service_manager/current/service_manager.md
2026-03-03 04:35:36,140 - Knowledge - INFO - Found code-base-name: https://github.com/kavia-common/rdk-halif-aidl-17.git:kavia-develop-6801
2026-03-03 04:35:36,331 - Knowledge - INFO - Found code_base: <app.utils.kg_build.knowledge.KnowledgeCodeBase object at 0x7f96d0576950>
2026-03-03 04:35:36,626 - Knowledge - INFO - Found code-base-name: https://github.com/kavia-common/rdk-halif-aidl-17.git:kavia-develop-6801
2026-03-03 04:35:36,812 - Knowledge - INFO - Found code_base: <app.utils.kg_build.knowledge.KnowledgeCodeBase object at 0x7f96d0576950>
2026-03-03 04:35:36,983 - Knowledge - INFO - persist ingested knowledge for /app/data/tevdevice9937/17/b8468m5/rdk-halif-aidl-17/docs/halif/audio_decoder/v0.5/audio_decoder.md
2026-03-03 04:35:37,291 - Knowledge - INFO - [MONGODB_OP] Completed: persist, Collection: file_info, Duration: 110ms
2026-03-03 04:35:37,731 - Knowledge - INFO - [REDIS_OP] Completed: store_embedding, Key: docs/halif/audio_decoder/v0.5/audio_decoder.md, Duration: 261ms
2026-03-03 04:35:37,893 - Knowledge - INFO - persist search terms embedding for docs/halif/audio_decoder/v0.5/audio_decoder.md
2026-03-03 04:35:38,059 - Knowledge - INFO - process ingested knowledge for /app/data/tevdevice9937/17/b8468m5/rdk-halif-aidl-17/docs/halif/audio_decoder/v0.5/audio_decoder.md
2026-03-03 04:35:38,238 - Knowledge - INFO - Loaded 139 files from persisted knowledge
2026-03-03 04:35:38,400 - Knowledge - INFO - load persisted knowledge: end
2026-03-03 04:35:38,618 - Knowledge - INFO - Redis support added with prefix knowledge:b8468m5:
2026-03-03 04:35:39,524 - Knowledge - INFO - Starting knowledge initialization for ID: p3etLt-b8468m5
2026-03-03 04:35:39,754 - Knowledge - INFO - 🔍 Checking Redis for build_id: b8468m5
2026-03-03 04:35:39,894 - Knowledge - INFO - 🔍 Full session ID: p3etLt-b8468m5
2026-03-03 04:35:40,064 - Knowledge - INFO - 🔍 Redis prefix will be: knowledge:b8468m5:
2026-03-03 04:35:40,252 - Knowledge - INFO - 🔍 Using attached load_from_redis() method
2026-03-03 04:35:40,458 - Knowledge - INFO - 🔍 Attempting to load knowledge from Redis...
2026-03-03 04:35:40,695 - Knowledge - INFO - 🔍 Using derived instance_id for Redis lookup: b8468m5
2026-03-03 04:35:40,940 - Knowledge - INFO - ✅ Redis cache found! Loading knowledge...
2026-03-03 04:35:41,098 - Knowledge - INFO - ✅ Successfully loaded from Redis: 139 files
2026-03-03 04:35:41,241 - Knowledge - INFO - ✅ Redis load complete: 139 files in 0.99s
2026-03-03 04:35:41,440 - Knowledge - INFO - ⚡ Total Redis path: 0.99s (vs ~300s from disk)
2026-03-03 04:35:41,643 - Knowledge - INFO - Saving knowledge to Redis...
2026-03-03 04:35:41,923 - Knowledge - INFO - Knowledge saved to Redis successfully
